-1.173088249088886528e+02,6.929077693040036365e+02
-6.516084118992159802e+02,-8.643322319358001096e+02
-2.557762759700953211e+03,-7.775282721685465503e+02
2.348030323016505008e+03,1.089624969594865888e+03
-2.033152558312418023e+03,1.293448776652542392e+03
-5.787873987956543260e+02,5.926255533070407466e+01
-2.143556088039013048e+03,1.249588677379961609e+03
1.621719546947371327e+03,-7.372905667793265820e+02
-9.577154397889233906e+02,-4.215639545438364735e+02
2.332197690205355229e+03,1.062650140486204691e+03
-2.541030013014159522e+03,-7.888221299368728978e+02
-6.858452456778348960e+02,-8.481371149799731484e+02
-6.664715274536615652e+02,-8.345441322679820360e+02
-1.598877350445577576e+03,1.770479707239373113e+02
-2.571299799338075445e+03,5.033572340748545457e+02
-1.250409170154092635e+03,-1.323766593339411202e+02
-2.541419727735054039e+03,-8.047421675233571250e+02
-1.348805562484022175e+03,-1.238056936816363077e+03
8.888673088230077610e+02,-6.017158531134514305e+02
-5.229821580924974569e+02,5.432568002192305556e+01
1.604329955443613699e+03,-5.311929295337647545e+02
1.547171840999903452e+03,-5.263608654315900139e+02
-6.065758844481463257e+02,7.563301281762106498e+01
-2.507914364596380437e+03,-8.513998196998122694e+02
-1.312692935102983256e+03,-1.137613605277910693e+02
2.338717293124398566e+03,1.077408567145767847e+03
-2.553106063765218096e+03,5.080148575084315326e+02
-1.623342749150561303e+03,1.670967625539381345e+02
-8.560711971668057458e+02,-4.663087771060531281e+02
1.647426235913600294e+03,-8.111025201863350276e+02
8.683572174861599251e+02,-5.501961548874336358e+02
8.417917023939531873e+02,-5.411732605132349363e+02
1.583010566850680334e+03,-6.565589909064620997e+02
-8.648667385344896275e+02,-4.623102435235003895e+02
-2.573588648548492984e+03,-7.798621492545638603e+02
-2.605346609113445083e+03,5.084517240703103198e+02
-1.292341808403219545e+02,6.829567693578636636e+02
-1.618516546593389194e+03,1.475495969828575369e+02
2.002159146288945522e+02,1.104363777246996570e+01
-2.165463885587372260e+03,1.237192279314965617e+03
-1.316573592980242893e+03,-1.245308524484287091e+03
-1.235016988720067729e+03,1.086683449012346188e+02
1.518431131278287239e+03,-5.003804350573524857e+02
-1.422156929210420003e+03,-1.120865878533542400e+03
-1.283352460876989653e+03,-1.186104730148923778e+02
2.132063890924339091e+02,1.314638766877950893e+01
-6.467815357215518191e+01,7.461235116500180311e+02
7.625480966259304694e+01,4.708803331718842742e+02
-1.079177306859091004e+03,-8.357522926222393380e+02
6.314520668646202921e+02,-8.356980480076878166e+02
-9.851018106847599256e+02,-8.725627973800220616e+02
-1.467096829463205495e+03,-2.186798290963060651e+02
6.626988219129087838e+02,-1.285828859275832883e+03
-1.468235583549622561e+03,-1.158137788585014647e+02
-2.076396129017039982e+01,-7.382372690762011302e+01
-1.409088985707914389e+03,2.234462136237537422e+01
-2.430384747458512720e+03,3.279518107653984202e+02
-2.538954653419898023e+03,2.988980069851266990e+02
-1.407943272784788405e+03,2.830995303554095344e+01
-7.395054670509701111e+01,-6.470619010353883027e+01
-1.365469098403245425e+03,-2.694835209801170777e+02
1.852788074283179185e+03,-7.171115768625317060e+02
-1.039575220025707040e+03,-8.232763182697276534e+02
2.941861229334920608e+03,5.898380811192363353e+02
5.848555290064020937e+02,-8.130344798418710752e+02
-1.121000440012782292e+03,-8.350811296881058752e+02
-1.119062628631108055e+03,-4.030626739190821439e+01
1.686770535415070924e+02,4.807169645746300830e+02
-2.091901499156646423e+03,1.141116978618454368e+03
1.818468938636541452e+02,4.806777748412881124e+02
-1.479448823673804554e+03,5.766605396304927353e+02
-1.201280478614849926e+03,-2.418676585301023962e+01
-9.434294011320898790e+02,-8.794770433187318304e+02
-1.452745200645839077e+03,-2.300391202421276091e+02
1.845157181237380883e+03,-7.151499896792830668e+02
6.534710623762859996e+02,-1.286828326281922728e+03
-1.528412100760309386e+03,-1.070471411469840746e+02
-1.534483625495397973e+03,-1.033726436329475149e+02
6.274466810202505940e+02,-1.271418422919977957e+03
1.858659089215429731e+03,-7.177020606266830782e+02
-1.141233217787776312e+03,-4.671425706652824061e+01
-1.096756549928806180e+03,-8.192961624039497792e+02
-2.087859342717203162e+03,1.146115292140725387e+03
-1.479654081497039442e+03,1.588505690987579442e+02
-1.478255629972175484e+03,5.684832382551007868e+02
-3.918898903510923333e+02,-5.942150856969009283e+02
2.914171500811059104e+03,7.295485700328142684e+02
-1.395548649442855094e+03,-1.141925443280562831e+03
-1.445119754790897332e+03,2.935636444093990605e+01
-1.214667688020858122e+03,-1.324456790107502002e+03
2.937779126961175280e+03,7.654503891597560141e+02
-1.175594565729620172e+03,-3.434084491748516399e+01
-1.502373685552507823e+03,5.814068999773609221e+02
-1.523129330410256216e+03,1.621078049020664196e+02
-1.411244427493765443e+03,1.587856156976374393e+02
3.141352581154700374e+02,-6.859141465553726675e+02
-3.702741375232345717e+02,-6.429830798360995914e+02
-1.366395699832931086e+03,-1.183951780843787446e+03
-1.993899051167414882e+02,-7.008236931199294304e+02
2.913770701998480490e+02,-6.645836130788484297e+02
-2.051751478191132719e+03,4.445125080525093608e+02
1.670809004660779920e+03,-1.456734871972717826e+02
9.507056955364406576e+02,-2.341512216815214154e-01
3.424631804933355284e+02,-6.954156948418429920e+02
-6.714373927736081669e+02,-6.190196242429153273e+01
3.657470800841350069e+02,4.807824708423611355e+02
1.777578047365479733e+03,-2.635645923166686657e+02
2.184569742959204177e+03,-5.625396068385165336e+02
9.457902739234590399e+02,-3.414152484739207125e+02
9.474037775697798907e+02,-3.360854259120515053e+02
2.152983693729407605e+03,-5.742047767009640893e+02
1.763149148438887323e+03,-3.242434573882347877e+02
3.749034976925909746e+02,5.435615553907210824e+02
-6.646454969107659281e+02,-6.431930636099920662e+01
9.645154137051243879e+02,-2.543914922044478111e+00
1.686349129137344335e+03,-1.446304877918845477e+02
-2.105353494393472374e+03,3.734967149748448492e+02
1.583724028641492623e+03,-1.807094548393043567e+02
9.462334815038548186e+02,7.672215398709739675e-01
4.192405223799455598e+02,5.473571004332479788e+02
2.404938455530717420e+03,9.420419795315948974e+00
2.183067198774538156e+03,-5.384173340815859774e+02
-2.766293426852908510e+02,2.428369473864971724e+02
-9.774868289163938471e+02,1.503212362033461886e+02
-1.114232606731827445e+03,-7.473484424319532593e+01
8.811450259751203475e+02,-2.360047756302617472e+02
1.349747698992851383e+03,-4.918438390009384307e+02
1.447564990994239452e+03,-5.692730995197190396e+02
-1.047073258912566416e+03,-1.042496810580458799e+02
-9.866453245255654565e+02,1.359381210621471610e+02
1.778018987657255593e+03,-2.897603759808888526e+02
2.339484280822660367e+03,4.403309070736768405e+01
-6.850539400531298497e+02,-3.108596065673978615e+01
-6.280336370486548958e+02,-8.258614667765199329e+02
-4.294386794424562481e+02,-2.398691979506473899e+02
-1.062295161810882973e+03,2.355525188641125922e+01
6.218067766859312542e+02,-8.269760711484617559e+02
2.341754734285183531e+03,4.528979782854290193e+01
-5.011958415988630691e+02,-4.406016240885871298e+02
9.536403001169088611e+01,-2.173852908581611842e+01
-2.617590320182710911e+03,3.076249503625446664e+02
-5.006747548213460846e+02,-4.596032886978574652e+02
-1.073320160700939141e+03,-9.837059803319073481e+00
-2.015712480699798562e+03,4.710828742486127680e+02
-5.571256041455591230e+02,-2.484876483168742709e+02
-6.474257535729575466e+02,-8.198758096026904241e+02
-1.994380802640938100e+03,1.127368190194565614e+03
-4.968564990903940384e+02,-4.411854139583181222e+02
-2.790832003932086423e+02,2.433604059434405826e+02
1.385582019688962873e+03,-5.409156235788295817e+02
-2.749887490158252490e+02,2.182081120828313772e+02
-1.056431226152856198e+03,1.402000534020301927e+02
-1.026263837400342027e+03,-1.456158524335019138e+02
-5.481929477195504887e+02,-2.578060630813915850e+02
-6.241140883261077761e+02,-7.877966523076775047e+02
2.910688570644753781e+03,-6.313576292582440601e+02
-5.497947019338266728e+02,-8.635214980433718210e+02
1.257221986905536596e+03,-6.490308193868266926e+02
-1.405348317046959664e+03,-1.742658355867518765e+02
7.461731401112016329e+02,-5.706378779886310895e+02
-1.232975408936431450e+03,1.077050739584733776e+02
-1.183012309988137076e+03,9.295167955315830000e+01
-1.384167751461564649e+03,-1.878587939681970624e+02
1.397883490280398178e+02,-5.352746379531273746e+00
1.211580925697279554e+03,-6.089417320102562599e+02
1.633874102609379406e+02,-1.341916775345230690e+03
2.850125959770356985e+03,-6.399116346074100647e+02
-6.719903030856484065e+02,-7.979544516719765852e+02
5.916772793722465451e+01,-1.293563409691460947e+03
-2.799427607717968385e+03,-5.269233409845230653e+02
-2.244376190303529711e+03,-3.276214142689429991e+02
-1.449505729458823907e+03,-1.217181039813295627e+02
7.217904447659840343e+02,-5.745044648147003272e+02
-1.463764741036387022e+03,-1.022589320761084650e+02
-1.478133482857874924e+03,-8.953512989497104968e+01
7.852380088292841265e+02,-6.087363258490743192e+02
-2.140840856623279706e+03,-4.159515947890380971e+02
1.826475080732770380e+02,1.702809154379378924e+02
-6.430373791690444705e+02,-8.177448350932093035e+02
2.791465583120824249e+03,-6.604236265799984267e+02
5.500641713147864209e+01,-1.237858500780253280e+03
-3.483493550688896789e+02,-9.121309301161077201e+02
-4.622223120054906644e+02,-9.459799007716575261e+02
-2.213058951477180017e+03,-3.593781483129940284e+02
-1.574199873661168795e+03,1.694516499851851904e+03
1.119228279203901138e+03,-8.717972056531090175e+02
6.483468210788807937e+02,-5.445569798564604298e+02
-5.378088339810565799e+01,-3.851647101506704303e+02
-2.477184161686817788e+03,-8.400837095780475465e+02
6.737518235044897210e+02,-5.364842590882461764e+02
1.093685085429451419e+03,-8.298013875896054969e+02
-1.037900420494199579e+03,-3.763514123134360716e+02
1.296458474716873752e+03,-6.554980325831784285e+02
-4.283168764937822743e+02,-9.113146064712263978e+02
2.934796999589300412e+02,1.582792366854319823e+02
-2.760207902235068559e+03,-5.244548437439275403e+02
-1.012865444502432979e+03,-4.225936222601876011e+02
-1.630035117415395234e+03,1.657591418772970428e+03
-1.469448447391619311e+03,-1.006513555373956592e+02
-9.020276176676617297e+01,-3.898076638313896183e+02
-6.326643117827513407e+01,-3.769511855780748419e+02
7.156263371092247780e+02,-5.252344266011161835e+02
1.175443606144283876e+03,-9.278660425021906804e+02
-1.655745625669181663e+03,1.624982436685483890e+03
-1.056669112289207078e+03,-4.018088051341355253e+02
-2.817327864273811883e+03,-4.459874777864710609e+02
1.631016824130699092e+02,1.831856854213185954e+02
-1.025244440947253821e+01,5.572756687139315090e+02
8.777727029243695824e+02,3.327943535117468628e+02
8.317579861892774034e+02,3.433276563556727865e+02
2.813894370141662105e+00,5.575615009758756742e+02
1.067042768423287043e+03,1.720959131890047047e+02
-3.184810207461977782e+01,5.721309343859608134e+02
1.510209997377260834e+03,5.083024211232061020e+02
1.060219422176726084e+03,1.610368205484062969e+02
2.422221416673956355e+03,2.332953397687194865e+03
-1.336874076638706129e+03,-5.346178600004496957e+02
-1.340608588266460401e+03,-5.398664959846513511e+02
2.414036175181494855e+03,2.420335976546049096e+03
1.032314610542703349e+03,1.732682994302973611e+02
1.487237696577940142e+03,4.961666542197646663e+02
1.270018785759308003e+03,1.580298720522257781e+03
1.830873697824847113e+03,1.933881069536349059e+03
-2.004728171831357258e+03,1.649859309590317480e+03
7.965425247928103545e+02,1.776144091434883023e+02
-2.826393202200281252e+01,3.696665281029219727e+02
-3.996679207124857669e+01,3.690932388951921439e+02
7.972127500633660020e+02,1.949892078354048977e+02
7.906625089203990910e+02,1.793095420394635653e+02
8.379367827665931827e+02,1.634500264113579533e+03
-8.936995314743013523e+02,4.952353318877964625e+02
-5.654601597810993781e+02,-7.382891268443943318e+02
1.284550824949741809e+03,1.595878396514227461e+03
1.283477617931290069e+03,1.588586613259921251e+03
-6.203931670691183626e+02,-7.439472279018989411e+02
-7.228004083610017005e+01,3.712708109750872723e+02
-9.325620954816124595e+02,5.082594611555473421e+02
-4.859594383444746200e+02,1.312015371928258901e+03
-8.766829316470051481e+02,5.085871611592125987e+02
8.108657894470277370e+02,1.624344896680256170e+03
1.770324329092755079e+03,2.436263960390047600e+02
-4.963015780740470859e+02,1.301977038738818919e+03
-5.556772782598644653e+02,-7.581001581134532898e+02
-5.592633325372889885e+02,1.293903301690655098e+03
1.732340774216799673e+03,2.560783439919006810e+02
8.758748505327037037e+02,1.684576490452270491e+03
-2.014168027783276557e+03,1.655789388484138044e+03
-1.018815341397624593e+03,7.759576521041484511e+02
1.839358108005298163e+03,1.758883838046199571e+03
1.829771840228778956e+03,1.793142151646119146e+03
-1.024490543968498741e+03,7.666311442614947964e+02
-2.029838218973033463e+03,1.644785553376369535e+03
-1.028462887130708850e+03,7.703748827322010584e+02
1.764399543146351334e+03,2.324663387804429249e+02
2.414866485834269042e+03,2.365029367423955136e+03
-1.265464320047087540e+03,-5.806139909641805161e+02
1.513150280280058269e+03,5.217173035048217571e+02
8.637488059307343065e+02,3.283887557053037654e+02
7.507653706878377307e+02,1.460366066096049508e+03
7.681956870716513777e+02,1.479915516351572023e+03
7.748303533762133384e+02,1.507604538312066097e+03
-1.473265736111210799e+03,3.501870259483271042e+01
1.932911746438914406e+03,-6.475262963154247018e+02
-1.697582395672206303e+03,2.656644077100602317e+02
-1.594779070173669652e+03,1.824936037184405109e+02
1.960624641241338622e+03,-6.787155046791480117e+02
-1.367910835784879282e+03,6.323737152790806704e+01
2.957616767760936455e+03,4.098313678112187119e+01
-1.661840953888587137e+03,2.387066692462282731e+02
1.421838263052161665e+03,-9.351658620788928999e+01
-1.953761584144270500e+03,-2.581579166389136049e+01
-4.720068559599396281e+02,-7.441072181611255019e+02
-1.134042199439761589e+03,-1.373067166730382269e+03
-5.264845692815110851e+02,-6.699946568555120621e+02
-2.114563492665706235e+03,1.912845804257339353e+02
1.459876500180498397e+03,-1.128588681382132677e+02
2.979675462315346977e+03,1.092595053908782177e+01
2.957619221992649727e+03,5.236556841248563643e+01
1.471528205241643718e+03,-1.238332321792364326e+02
-2.041616180414001064e+03,1.251075618801032903e+02
-5.087258810032038809e+02,-6.990770520048536127e+02
1.151861087904253964e+03,-3.583464496162817170e+01
9.632680453999946621e+02,-7.497596193763436077e+02
9.128436822135306556e+02,-7.388494479803766808e+02
1.106355526932512475e+03,-2.205738000957214240e+01
4.185398405091499967e+02,-4.753692977413579115e+02
1.405014231762587258e+02,-5.572410748284750071e+02
-5.329210540166272949e+02,1.167821800599323900e+01
9.881977960338657567e+02,-7.476212392632676256e+02
1.162794699159624770e+03,-4.344428821251688788e+01
3.884290699069424022e+02,-4.802927941669232723e+02
1.253209808828260748e+03,-1.729675640845417774e+02
1.191822687990457325e+03,-4.936570761922364881e+01
2.087930378909934461e+03,2.126127226459379472e+03
1.273519081132456449e+03,-1.946284850344011375e+02
-2.575843809700584757e+02,-1.477229543717087381e+02
-3.805846708366417488e+02,-1.351644456673293178e+02
-7.409627409678349750e+02,-4.716341085812647975e+02
-1.019227786039661623e+03,3.910296120360403052e+02
2.079319713896254598e+03,2.005036531729012495e+03
2.105966291159978937e+03,2.108245546236149039e+03
-1.647376722432760516e+03,1.598102492358504776e+02
-2.481527059672820997e+03,-8.413647694979987079e+01
-1.050649778584342812e+03,4.398373325925499557e+02
-8.164179533030004450e+02,-3.880136060620735066e+02
-7.297015593256830925e+02,-4.910589286614738285e+02
-1.045694440654405298e+03,4.316096509897776627e+02
-1.591217790859507431e+03,1.099853291651403424e+02
-2.396990288230374972e+03,-1.556461892116322758e+02
-2.306782014937029089e+03,-2.795283962673635187e+02
-1.533164580745292824e+03,8.922169609329381501e+01
2.212956001087515233e+03,1.472854331832571461e+03
1.215645821145751597e+03,1.914198850399368439e+03
2.197657905992674841e+03,-5.284495913549972101e+02
-1.077598890594400018e+03,1.119025251321711210e+02
2.397228362431620553e+03,3.093373864029551896e+03
-1.220861563387454453e+03,-1.321592347620232658e+03
2.237777416875097515e+03,-5.846633029881252241e+02
-2.335268544276923421e+03,-1.437853810309815970e+02
1.249308907683289590e+03,2.252001558656969337e+03
-1.190405602842127337e+03,-1.215226851102300316e+03
-1.019478540835723379e+03,-1.316766334905980329e+03
1.230559691176591286e+03,2.099443089559860709e+03
2.227875516307486578e+03,-5.779904531271042742e+02
-1.236503187839214888e+03,-1.286897924866331095e+03
2.420746080410131981e+03,2.994631854573622604e+03
-1.081571615400411019e+03,1.476219389698322004e+02
-1.007869813833707894e+03,-1.291076686599154073e+03
2.220377054159693671e+03,1.714884431527990500e+03
2.269483214451516233e+03,1.446258589223717536e+03
-1.338130232699072394e+03,5.611855041659809729e+01
-1.076328653741427843e+03,1.139794445427548908e+02
-2.251398804377999568e+03,-2.316806439025908446e+02
1.893111635301376737e+03,-6.848694100738380257e+02
-2.191083381027066025e+03,-2.974746464597329236e+02
2.380679279900090023e+03,3.138389814120863775e+03
-3.236812562440498482e+02,1.011661696778365013e+03
1.443062832180301314e+01,2.271585895462958717e+02
-2.341109971147645410e+03,8.150934525466967671e+02
-9.273680424058820790e+02,2.757481372389624426e+02
-2.323906573730585478e+03,1.073124542580606430e+03
-1.988958922996268711e+03,1.483971557151540082e+03
-2.313345274599795630e+03,1.146084819727100694e+03
2.625414998926632506e+03,-6.652926394735036411e+02
5.882276816426238497e+01,2.086170201694733919e+02
1.731502818522461894e+03,-7.621501058948929312e+02
-3.042820077591435961e+02,1.025711924685686427e+03
1.777767819610611014e+03,-7.704081509407228623e+02
-1.485107586437925647e+03,1.817246850588017196e+03
-8.009276733400449757e+02,-1.223711972783258716e+03
-2.445111065504973794e+03,7.908272061309643277e+02
-1.059186621656706848e+03,4.326394123281164639e+01
-1.739349270850772200e+03,-5.330869221048144482e+02
-5.949965759492677080e+02,-9.898151100224559968e+02
1.133188593112213539e+03,-4.458831109782440194e+02
-1.004478231271818117e+03,2.718830212728601623e+02
-9.810036810569449699e+02,2.157101955414600809e+02
-5.969365671577354533e+02,-1.007847128305365231e+03
-1.688184106575631176e+03,-5.302468645276431971e+02
-2.406201767816519805e+03,7.785960113613253952e+02
-1.035779716608554963e+03,5.061167620120687616e+01
-1.457361013592082145e+03,1.881613599415847375e+03
1.794727765155189900e+03,-7.854292812088850724e+02
2.417171808451363631e+03,1.349797320894188715e+03
4.519010873600026571e+03,-4.900472903202274324e+02
-3.586660804958090694e+02,9.724843972947784323e+02
-2.135390164496729540e+03,-4.001431498592106095e+02
-1.001108808325169662e+03,2.009912178564932788e+02
1.272295134879088664e+03,-2.561919947701658771e+02
-1.442849278872751484e+03,1.046257866834364222e+03
-3.023104736883557280e+02,-4.092687183969047169e+02
-2.488998734725821578e+03,1.223214249717362691e+03
-7.137521694839140309e+02,2.301233375937628978e+02
-1.770371568936334597e+03,-1.355773998779708336e+02
-2.207229466379895257e+03,-4.066763899093040209e+02
-2.119436923510253564e+03,-4.939198704460986846e+02
-1.512213012890780647e+03,6.039398903969041612e+02
-1.526670354639504239e+03,4.463287307487244249e+01
-1.489302055650601233e+03,1.030858541000055993e+03
-8.856144733144482188e+02,4.539925590741370911e+02
7.659572976524335672e+02,-1.020637817782706747e+03
1.238945172524364352e+03,-2.698411608156416719e+02
7.302099194007941207e+01,-4.775041443527005072e+02
6.899107848487623151e+00,2.468927716197851510e+02
4.581282581085514721e+03,-5.207584355061418364e+02
2.452472512751743125e+03,1.230723659875677640e+03
2.434204461580563930e+03,1.410895989782391098e+03
2.763118145599939908e+03,5.011958977571090657e+01
-9.307930841759382474e+02,2.662712581430259320e+02
8.561864977574794011e+02,-1.186838883634824469e+03
-8.019801646145144787e+02,-1.349116054209702270e+03
7.586116876929481805e+02,-9.920107836773975123e+02
-7.615697665038983359e+02,2.274836603123284249e+02
1.133445745634246805e+03,-4.257297351363181974e+02
-2.096935555357943940e+03,-4.677270725809787564e+02
-1.573083518835124323e+03,6.530608830557491729e+02
-2.071689090838491666e+03,1.402105696764962659e+03
-2.118936850776205119e+03,1.367489812912019943e+03
-1.771895936405396697e+03,4.338466384001347365e+01
-1.465366783784116251e+03,6.321890585154253586e+02
1.081397850624371358e+03,-4.075136000234833773e+02
1.662369951792325310e+03,-4.490486956869248161e+02
-6.837779177782920215e+02,2.219682867726410791e+02
-6.968164030980169628e+02,8.222291533274814128e+02
7.129544698775001734e+02,-1.025581718042984221e+03
-8.040380578490537573e+02,-1.297138370973897736e+03
-1.095373786063231137e+03,5.048088904575887881e+01
-8.772834505491781556e+02,3.395257804821301875e+02
2.745190611092933977e+03,5.306235629974171530e+01
2.264573992057176383e+03,-6.590212253748866260e+02
3.922082098669029904e+01,6.317214026876084745e+02
2.316706305179819765e+02,-3.230497033791082231e+02
3.455903903794076637e+00,-6.498871180423619762e+02
-4.224149926579202088e+02,1.044527447333975033e+03
-1.534027962625695636e+03,5.151541768485880084e+02
8.491349558733913909e+02,5.628661427784838907e+02
-5.258794648762579982e+02,-3.227410152869153421e+02
-1.099533670451427042e+03,-8.151574009263381271e+00
9.098076317334182477e+02,-1.032161319829421700e+03
8.172536434152483480e+02,-1.026160789380482584e+03
-1.094346265428016977e+03,-2.474661953024913430e+00
7.550222805964048689e+01,-4.831193982841165280e+02
-4.938136636466865639e+02,-3.286825055181292328e+02
6.825918329176694215e+02,5.014007380806060610e+02
4.584700467442501548e+01,-6.437131857411192186e+02
-3.880973030919790290e+02,1.025910522522578276e+03
1.975680632333937297e+02,-2.847373272953125252e+02
2.205305067100913220e+03,-6.146386955147822846e+02
1.236100464371991450e+02,5.587070248903772836e+02
-5.085733886879119723e+02,-3.039097695920963815e+02
-2.221118549540849926e+03,6.566302632440983871e+02
2.182732024045715661e+03,-6.783558958404239547e+01
1.286457048361540672e+02,6.134175302377479966e+02
1.799152037803542896e+02,6.540143845950187824e+02
2.143955660132026424e+03,-1.877955965136824545e+01
-2.096851844100294329e+03,7.279761727494848174e+02
-4.492130741528953877e+02,3.183143496520738722e+02
-4.216086969843915995e+02,1.022285950313413991e+03
2.844403845340415060e+01,-6.352330118169790012e+02
8.917358196903798273e+01,6.003068729415712141e+02
9.883056585818567328e+02,-7.505548584132660608e+02
3.011539548765254040e+02,-2.952909073258221042e+02
-2.055801626502114232e+03,-2.956224472348297354e+02
-1.222218240934802225e+03,1.375579735798787056e+02
-1.091237415667077130e+03,6.452228320083670496e+02
-3.737020031149155557e+02,4.971784425980943922e+01
-5.040545872266579863e+02,3.115441505509432432e+02
-1.782107613106596318e+03,-1.022081569182834301e+03
1.280727153267694121e+02,-4.890373657778554843e+02
2.697317019312882991e+01,-4.564793005359775293e+02
-4.888442740550417511e+02,3.093572033066214999e+02
-3.499228230137298965e+02,2.639566151598489796e+01
-4.675053475157946536e+02,7.871947886831623009e+01
1.238055650840041721e+02,-6.159236102926335832e+01
-1.181603800079217535e+03,1.324812268299043012e+02
2.581570835099341821e+03,-1.074927790033148312e+03
9.854554053811889203e-01,-9.786076290200473693e+01
-2.113914561878402765e+03,-2.291771298645141997e+02
1.150326842464018227e+03,5.415375102371782390e+01
9.383482183429761108e+02,-8.135266953331583863e+02
1.011428413428081626e+03,-7.779733393854254473e+02
-2.047643388050292401e+02,-6.020820005532338115e+01
-2.806336038939749074e+02,1.254960307868984017e+02
2.029599610573104584e+01,-5.980345657904784957e+02
3.332050052371658921e+02,6.707956277622266725e+02
-2.163416398979768928e+03,6.421792801796897265e+02
5.532711492662588881e+01,-6.555843461763709001e+02
-3.599059859845058327e+02,5.339233394491471074e+01
-4.022859635260535356e+02,9.537870374972663967e+01
-1.194205192434835453e+03,1.296994257683789158e+02
-1.536678130828107953e+02,-7.803934878900888350e+01
2.652169076901549488e+03,-4.332180313076325007e+01
3.624280383219810346e+02,9.253464443817482277e+01
3.608072854115093833e+02,8.415815656509656151e+01
1.161499720817236721e+03,5.496130553650667849e+01
3.326763222163575847e+03,7.980689970462332212e+02
-1.142593423215354960e+03,6.646220614857163582e+02
-1.794807273571275346e+03,-1.044345962056769167e+03
-6.036195086034496171e+02,4.742053462692713879e+02
-8.979878217209476361e+02,-4.437312839873477799e+01
-2.026603511030225775e+02,-6.634610009442009186e+02
-1.119636200975277688e+03,7.562965584062065538e+00
2.685781109803835989e+03,-3.677817542450733299e+02
3.238907091461433538e+03,7.105511855612554939e+00
-7.296881498658873397e+02,4.354500692646149105e+02
-1.736623785960877285e+03,-9.947170130388416283e+02
-1.059953972767431651e+03,6.320747813621154592e+02
3.357296154735983237e+03,9.608185733116887377e+02
1.169933368961426140e+03,5.899274912653723391e+01
5.247035568558957266e+02,8.718853850925985682e+01
-2.145538862390147642e+03,-1.414485457201469387e+02
2.648822946049322582e+03,-7.956386404120299183e-01
2.542059448777376474e+03,-1.079537283196772478e+03
6.026542424527723085e+01,-4.775985492964496615e+01
-8.494439311447081309e+02,4.850890937459292331e+02
3.193407296860018505e+03,-6.683363294695539025e+00
-1.746428801749190825e+03,8.656772186166369920e+02
-9.514497072434670599e+01,-6.993595291510679317e+02
-1.473104375958637604e+02,-6.548619679364487638e+02
-1.635974638786506375e+03,9.216478590066734569e+02
-1.069093627729550235e+03,2.171123363159017217e+01
3.277762857677659667e+03,-2.050702153736613198e+01
2.512203773096905479e+01,-6.061346996105880862e+02
-8.425072392449970948e+02,4.768585443175655314e+02
6.257072170341223938e+01,-4.548752069727223102e+01
2.573477854859337640e+03,-1.094340760957692282e+03
2.646421708200448393e+03,-3.399386242146843529e+01
-5.855303769415492070e+02,4.937393806977537452e+02
-1.620812238446613492e+03,5.068409461197852011e+02
-9.538095366588844399e+02,3.988446351878208702e+02
3.578701758130353028e+03,-1.748817037564458019e+02
3.797747554347850940e+00,5.015850977985945036e+01
2.716246166382731644e+03,-3.745128016310364956e+02
2.260094093439183212e+02,2.578402416127822221e+02
-6.348613949647988974e+00,-1.400236861164046900e+02
-1.853310045621443010e+02,-1.054351612070286421e+02
2.697518279841106960e+03,-3.861920840986231269e+02
2.754665661369101599e+02,-5.489784451134341481e+01
3.599443603894372700e+03,-1.492361699415969838e+02
-1.145081820592876738e+03,-1.086010207033608310e+01
-5.026543795652546009e+02,5.259604363452692724e+02
-1.564575667777706485e+03,4.998339509159022214e+02
3.403965990567733570e+03,1.187487135207606343e+03
-7.847179269430137083e+02,4.329562694835713614e+02
2.226164976424644919e+03,-5.890997130659078493e+02
2.598951682261439373e+02,2.547892545724404556e+02
-1.527726113355004429e+02,-1.253641711007796147e+02
-1.593869739108890599e+03,8.685105567480296713e+02
6.715767022346652766e+02,-1.021974536263994764e+03
2.185533360219604333e+02,2.645519490002267844e+02
2.137307763501096360e+03,1.818431618678582851e+01
2.209403515229262780e+02,6.725152802140161157e+01
3.637686292509987197e+03,-1.185876323278570794e+02
8.170322462972175117e+02,5.939821001421205438e+02
-8.987785529908449007e+02,3.260403542605632765e+02
-1.000469116986011613e+03,-1.822220971839437311e+02
4.435010776191880723e+03,-5.342716860448737179e+02
1.009707312862429262e+03,-2.651501952997095373e+02
1.328003465141637434e+03,-5.763646713605867262e+02
-1.008855588368131521e+03,2.015084754786691121e+02
2.780117796957641986e+03,7.911566758144471523e-01
-2.125346746217634063e+03,-4.099060984307530475e+02
-2.884805927897843958e+02,-5.429581868740224309e+02
-1.001974331406997180e+03,4.870506635332015435e+02
-4.632807892606305700e+02,-4.456612640727988151e+02
2.447574629889892094e+03,-5.416815919109603783e+02
-4.036813805626486555e+02,-5.393700954548318123e+02
-1.445860568194011421e+03,1.031033821718444415e+03
-9.186737418993091069e+02,4.557353227636488100e+02
-3.538182349032565526e+02,-5.001971228935147451e+02
-2.199132161955786160e+03,-3.979167503117137699e+02
1.340069387277238548e+03,-6.003489343228389998e+02
-1.008234595018614300e+03,1.675025173650053318e+02
-1.014495857205709967e+03,-2.342227156859516697e+02
-9.143987215875233687e+02,-2.774778756722217850e+02
9.667699667492260005e+02,-2.758173300384896152e+02
1.442274412753286470e+03,-4.173412789029094938e+02
-2.116729594511856494e+00,-5.694198238644316916e+02
8.089975401959995907e+02,-1.193277209445716153e+03
-7.441980917465001539e+02,8.138869664789946228e+02
1.768014032390497732e+03,-4.482624351727409362e+02
1.777774345087118945e+03,-4.402222206978636905e+02
-7.986221042309963423e+02,8.223196406145904120e+02
-1.834775831865091220e+02,-6.014641450933683018e+02
1.368205858653204587e+03,-2.403215660928755710e+02
7.767556555086904382e+02,-1.228035094549086580e+03
-5.044348475605607618e+00,-5.818327295083414583e+02
1.016657153499722085e+03,-2.270972157653944521e+02
1.324136986186462764e+03,-6.483798230299635179e+02
-1.005614952143058304e+03,1.801395977304057965e+02
1.723152330421002034e+03,2.144619750247950094e+02
-7.914718009952885041e+02,-1.287772521782225795e+03
2.386438857581423690e+03,-5.698896262586777084e+02
2.587866879747610710e+03,-6.651750818804175651e+02
2.594110674280797866e+03,-6.581275984356251456e+02
2.379350615711071441e+03,-5.581390500635133094e+02
-8.098646710279936087e+02,-1.268998273113685173e+03
1.679810564643759108e+03,2.103691167737771082e+02
1.699372509458688683e+03,2.067001603232989453e+02
1.564866039424779956e+03,-4.337365485261547065e+02
-7.086443451910007525e+02,-1.296227864531887235e+03
-4.630271307222628820e+02,-9.800779937262211661e+02
-1.900684465920251341e+03,-6.328459135095044985e+02
1.542501259219311123e+03,-4.298762277185972493e+02
-1.451424686203743477e+03,1.874110420867733637e+03
-6.581179820131949043e+01,1.068504289741464845e+03
2.140437219705474376e+02,5.145760016727956554e+02
4.649851961282511752e+02,-1.238383205724537675e+03
5.169233924508937434e+02,-1.255864244825491141e+03
-2.080969011009664882e+03,-2.245032078838364100e+02
-5.285813948132339135e+01,1.086930513053254117e+03
-7.802119603976733231e+01,1.062507663087576020e+03
1.437637700005537681e+03,5.032491516254860926e+02
4.721893007836716265e+02,-1.249805816329548179e+03
-2.812329033746332811e+02,-6.817803315472225449e+02
-2.173500242279599490e+02,-7.004335699025103850e+02
1.400741512047274000e+03,5.217419136952195231e+02
-1.609068346081808613e+03,1.564662890863022312e+03
2.519399938460931935e+03,1.097402559647793169e+03
1.738877390273010235e+02,5.422548427903283255e+02
-2.103859196702691406e+03,-2.322525569662059297e+02
2.507014249873773679e+03,2.527061887674648460e+03
2.503340195915715867e+03,2.519818487819887650e+03
-1.982869006855636599e+03,-2.364754248918027315e+02
2.060781598147554632e+03,1.894127496298717233e+03
1.353099223425695072e+02,5.493395840392548735e+02
2.492714450286036936e+03,1.033220508959169592e+03
-1.556923375179070490e+03,1.580504465022695058e+03
1.374402329684131473e+03,5.382292522320583430e+02
2.513740520677774384e+03,1.012550131141235170e+03
2.066121607445274549e+03,1.996027677927218519e+03
2.078118986879986096e+03,2.064274497699199401e+03
-1.410257165758752535e+03,1.687165240654542458e+03
1.344821159182542260e+03,-5.650185844067553944e+02
-6.580327007481065493e+02,-6.880450130253764200e+02
-1.249798207457635726e+03,5.505673210428221864e+01
-1.269808025548212981e+03,5.713589183047508868e+01
7.962173899630867879e+01,-1.456347068672505429e+02
2.505605266183808453e+03,-2.442486212850878076e+02
1.138244237741448842e+03,-2.929920037188012429e+02
1.448062820716716715e+03,1.740622269139871378e+03
-2.127771507233213470e+03,-1.205971369897908744e+03
2.478841246393067195e+03,-2.504534031085318020e+02
5.517109555059630566e+01,-1.675396030401690268e+02
-1.279272596281995675e+03,6.570945291359299745e+01
9.163680688462497415e+01,-1.438569982138490673e+02
1.374257830768724034e+03,1.071308502465903523e+01
-2.150263324985972758e+03,-1.195123237128296068e+03
2.495759651527351707e+03,-2.838732552217348371e+02
-2.163380095966534554e+03,-1.187371566325499543e+03
1.415457646117660943e+03,1.743986858576251279e+03
1.068477463148033848e+03,-2.576019584881148603e+02
1.713988537022890796e+03,1.638196004812108413e+02
1.170978154285707660e+03,-3.205333444041498296e+02
2.116230187258330261e+03,-2.872056780162358223e+02
1.447438046529897520e+03,1.744578619044049901e+03
-1.539479257182696756e+03,-1.710353727736952010e+02
-1.151853844114996946e+03,2.025249919232580282e+02
2.095359110959479949e+03,-2.723768049956455002e+02
-4.192232100942080137e+02,3.034150264456883406e+01
-3.931282085336969203e+02,4.024371354395609046e+01
2.125684388147970822e+03,-2.739292789783996227e+02
-1.419472189401791127e+02,-6.051807961010954386e+02
1.378517242884027155e+03,-5.703999424770825044e+02
1.690852171174190289e+03,2.166983445977948293e+02
1.759138859330341120e+03,1.867989725166854384e+02
-4.283687313181047784e+02,2.640420046076136984e+01
1.375030107339053529e+03,-5.604679512864089475e+02
-1.588288305128766979e+03,-1.362226813605178961e+02
-7.912766858434647474e+02,-6.108123924395989661e+02
-1.125444627628630769e+03,1.785966586679478496e+02
-2.043631595957234026e+02,-6.065565315412029577e+02
-3.717736966282561184e+02,-5.493970279936645511e+02
-1.174754973670072786e+03,1.790521764863653971e+02
-9.306249275376117112e+02,-5.157484499022294813e+02
-1.492923719876507903e+03,-1.850963274664439666e+02
2.358934457705492207e+02,6.936636450793696440e+01
-1.560075354872843718e+03,4.227808020558921953e+02
-1.566999758837851232e+03,7.834581598150481341e+02
2.511288168046062310e+03,2.519970381826101402e+03
-1.533272698364473399e+03,8.106526180973565943e+02
-1.550978052602915341e+03,4.106667080900665496e+02
3.316837929398845404e+02,8.227444789965727523e+01
1.392087947395004676e+03,1.048364805281535750e+00
1.389225148648571121e+03,-2.575104592955520744e+01
2.368561748275362220e+02,7.986386611438534544e+01
-1.608971051018765138e+03,7.689052150025962646e+02
-2.861234567637458781e+02,-7.164067847433950647e+02
-1.541935521064744080e+03,3.924462644143315515e+02
-2.866931708610497481e+03,-7.384361584079144905e+02
1.713336430717572284e+03,-7.118927746886208752e+02
2.017673952952666014e+03,7.919723637591148417e+02
2.017723453998107971e+03,7.992167470522839494e+02
1.757918443579863833e+03,-7.128872577848870833e+02
1.042126647032594065e+03,-5.446650698380658469e+02
-2.778244064382215129e+03,-7.996067662350138789e+02
-1.994994743850616715e+03,-3.400377257238542938e+02
2.655989143435295773e+03,1.252892490876268994e+02
-1.998467036533992314e+03,-3.489147611133454916e+02
-2.723836034363171166e+03,-8.250319465875730884e+02
1.076715020697059117e+03,-5.424545222467603480e+02
1.228620171496572539e+03,1.076137018494824957e+02
-1.289324241782488343e+03,2.310040638886710962e+00
1.426124015928370909e+03,-4.424658615134446222e+02
1.449228222477152485e+03,-4.869409500875545405e+02
-2.966898812117965463e+03,6.321094054835116367e+02
-1.298015137530807806e+03,2.919220471359632185e+01
-1.477000522662033291e+03,-5.039690069027028585e+01
1.071093222341657793e+03,-5.505584499116481538e+02
1.264427174122602310e+03,4.388391525695510609e+01
-1.411364808709888848e+03,-9.104212620607373196e+01
1.089829350780339155e+03,-7.324656091403809342e+02
-2.966705839580315114e+03,6.294113829567592120e+02
1.980202360830228372e+03,7.699966419237788386e+02
1.999519773246207023e+03,1.638268189360234146e+03
-1.997717752606800332e+03,-3.797170494268149810e+02
6.018938338191168214e+02,1.034157012258759778e+03
-2.929824711768766065e+03,6.307834521634104021e+02
-1.417253171398647737e+03,-8.866767907456475939e+01
1.194164746425770318e+03,1.633002652489705326e+02
2.271086201031210294e+03,-3.568477423673254521e+02
2.148392556344115860e+02,3.216477902031562053e+02
-7.481390138885782335e+02,-1.019893774697220863e+02
1.514864813668052193e+03,7.965158622946029254e+01
9.645726842027227121e+02,-1.609508847965758216e-01
1.929264708292194825e+02,6.580989021716277421e+02
-8.513589624129316462e+02,-5.259193023507462783e+01
1.886244783847133249e+03,-4.098837215555088278e+02
1.606419000674029860e+02,3.408073553923368308e+02
1.231914141888823451e+03,4.171715550306692535e+02
2.258246001982392045e+03,-3.628025615834234259e+02
-1.229229911576010636e+03,-5.338106260222483570e+02
9.431000421386666233e+01,3.944933838641967441e+02
-8.737500232350545275e+02,-5.807577695115936223e+01
1.939526833486973487e+02,6.207112083333859118e+02
-1.526947318080488003e+03,1.569608467498732409e+02
-1.531003671289556451e+03,1.583978509636281728e+02
2.285284470643304644e+02,6.945652717666687295e+02
-7.639684107476336976e+02,-5.585289848531471080e+02
1.310887522367236784e+02,-6.316421241224709320e+02
2.265126516898006685e+03,5.616684109997189012e+01
-1.232654196310027146e+03,-6.512747425809280912e+02
-9.541415951847882297e+02,1.148677261561474978e+02
-1.318167701583152848e+03,2.707916664186816433e+02
-1.334704321243715867e+03,-4.742639247819474235e+02
2.253250260211749264e+03,-3.513726265963508695e+02
2.160903511035521660e+03,1.502447380610752248e+02
2.692090165617123603e+03,5.979627277184314380e+02
4.047226984440030265e+03,-5.169768562680811783e+02
9.627515753954370439e+02,-3.398092629275234700e+00
9.642451499793500034e+02,-5.617137749648212441e+00
4.072256115507027062e+03,-5.258772139400334709e+02
2.703303221098195536e+03,7.266640387624942150e+02
-1.206201525673165861e+03,3.434531753248224817e+01
-1.271606638564622699e+03,1.665017170082026610e+02
1.113925155504451141e+03,1.541751868264375162e+03
1.104056542316442801e+03,1.518596526497518425e+03
2.701343665694408628e+03,6.967817052561355240e+02
-9.751142055439007663e+02,1.175889488820909889e+02
2.003518053609198205e+03,1.663085274340769502e+03
2.007554820555530114e+03,1.654364871508842953e+03
4.091943777117989157e+03,-5.174435013120532858e+02
-9.683826366135286889e+02,1.157748785257575577e+02
-1.317470880901632654e+03,-6.226850102999189858e+02
1.126864331357727224e+03,1.538633831094852212e+03
5.168985293786008697e+02,-1.169388592688428844e+03
2.211530592957885347e+03,9.159971215259929522e+01
2.051383223769820745e+02,-6.674595957812472307e+02
-7.780274382408548490e+02,-5.654062902653411129e+02
2.222384187730990561e+03,-1.132439386727964575e+03
1.452918734592129795e+03,1.217393714209454174e+02
-4.296555805857194059e+02,-5.109670145102341507e+02
1.492886481311030821e+03,7.014139384374573183e+01
2.193103181608671093e+03,-1.127114313142492165e+03
1.146944508418642954e+02,-6.210413662048372316e+02
-7.464609172938770598e+02,-5.873666510851876410e+02
-1.262646725333372387e+03,-5.228957859353972708e+02
1.213390786732192282e+03,4.238585546339297707e+02
4.787270459900001924e+02,-1.163029576137230833e+03
1.848458641554318092e+03,-4.155446257256898548e+02
-4.346032778641584855e+02,-4.956172641740699305e+02
-1.542636997249941942e+03,1.706439245807058285e+02
-4.664590902486566506e+02,-4.626308966558548263e+02
2.235868363758514988e+03,-1.149575641499007588e+03
1.851830525863327239e+03,-4.116257869357661434e+02
1.213866326880151746e+03,4.111816479068863259e+02
4.811392699656547052e+02,-1.169896532100306104e+03
-1.192846547564265165e+03,-5.306740554168516155e+02
-1.304725785753171749e+03,2.049808915081530003e+01
-1.684038760277189795e+03,1.523354341614028044e+03
2.667537740852111710e+03,-6.286853840118286598e+02
5.746515673212491038e+02,1.034172608818881372e+03
6.226790409165274696e+02,1.036576471264202155e+03
-2.913003861278136810e+03,9.966070195308118400e+02
-1.243941027288498390e+03,-1.699619300708946241e+02
2.692529421568440284e+03,-6.367759164935007448e+02
-1.456881910734675330e+03,2.508386756583055188e+01
2.632244139379028638e+03,-5.961366492504434973e+02
1.078471153094991678e+03,-7.421448515970935205e+02
1.417481976563067974e+03,-4.794430470252531222e+02
-1.312666849802032402e+03,-1.243058711520253752e+02
-2.909037145387377223e+03,1.008266946853694549e+03
-3.005008672713534452e+03,1.088948963653429018e+03
-1.272324325068361986e+03,-1.652157042621801963e+02
1.152614757642839777e+03,-8.301718198206850730e+02
4.896368465063517306e+02,-4.805176459726856706e+02
-2.387281944204156389e+03,1.059306975257986551e+03
-1.200171094602033008e+03,2.542633039241439121e+02
-1.402669971048870138e+03,1.374842482696691093e+01
2.520225504966927019e+03,2.151476093180068347e+03
-1.404828253693025090e+03,2.293924128131452278e+01
-2.413648463952872589e+03,1.026356469280836109e+03
-1.307849373125447073e+03,2.675660495964824008e+02
5.417641590550948649e+02,-5.307075104452455889e+02
-1.285499695278039326e+03,2.507057829188228197e+02
-1.794497709894291575e+03,1.470121446250005420e+03
2.481506051247027699e+03,2.372633837235840019e+03
2.693541900026637450e+03,9.888578978441914558e+01
2.664370514763065785e+03,1.178186157580481392e+02
2.490168824021634919e+03,2.287577134323899827e+03
-1.735591973182113179e+03,1.477950563007198525e+03
1.746589916876119105e+03,-7.153322941123601595e+02
-2.369306541227792422e+03,1.060212277212127447e+03
3.967863834721543981e+02,-4.904484097219597629e+02
-1.526342250941148677e+03,3.058105565941399107e+01
-7.849406734416922973e+02,-9.126105748092695649e+02
-6.389858693969225669e+02,9.291609233913706589e+01
3.642044191995448728e+03,2.323565546269951483e+02
-6.255420852980761310e+02,-8.269669124227664270e+02
4.446748192681744513e+03,-3.639663873523516600e+02
3.665785238631987795e+03,2.492744687830003443e+02
-2.855378039302815978e+03,-5.878189239920866385e+02
-2.430347624123367950e+03,-1.141489127365904096e+03
-7.149073471719129884e+02,1.198533200578938249e+02
-1.521500073058399721e+03,1.920473051822704136e+01
1.813823298834625120e+03,-8.848765821434082000e+02
2.294940503092691415e+03,8.958574597650609803e+02
-5.334411732425739956e+02,-5.516398752460045216e+02
-2.800308267383023122e+03,-6.244512923963354751e+02
6.837889276829910159e+02,-5.892282551705137621e+02
-2.753862601476843793e+03,-6.501597031536597342e+02
-7.164850650248470174e+02,1.205824533169803203e+02
2.294899440238893476e+03,9.784334499926267199e+02
-3.008662700016799590e+03,1.057897730168426506e+03
-2.314494716017248720e+03,-2.190746347203652817e+02
-1.934854824721770683e+02,1.929399327071156467e+00
-1.782064032126574375e+03,1.973735607081600847e+02
-1.756297133968000708e+03,1.689314026594203710e+02
1.132167182849456367e+03,-5.709588848520862712e+02
2.317361706247045277e+03,9.311699113920169566e+02
-2.342322701151413185e+03,-1.984067953236058202e+02
-8.379799407162155376e+02,-9.230337692530947606e+02
-1.792310521850573195e+03,1.791862703456555153e+02
-1.543397128382698838e+03,-1.148913290988142535e+03
-8.541637639225776866e+02,-9.388328553244136856e+02
-2.244745310781868284e+03,-2.498533910388109973e+02
-1.179812671469110086e+02,5.306220193514347017e+01
-1.150138700589533755e+03,9.625760599883853956e+02
3.012079307605958434e+02,-6.054193945027267318e+02
-6.910027264805411278e+02,-6.994225516844935555e+02
-1.128827613235056788e+03,9.394963690065908395e+02
-1.373812132209388437e+03,1.454564219591106067e+01
-1.559921975845954876e+02,9.230013424089131036e+01
-1.848165932582446374e+02,6.396934098923500045e+01
-1.021338730894755713e+03,3.648536346774436083e+02
-1.841741846352270159e+03,1.342203628374948892e+02
-2.050870480615471934e+03,5.810016031839144262e+02
-1.328869937992564473e+03,-1.234487890584212266e+02
-9.562387527875077922e+02,4.980153851537630203e+02
-6.446771007761717556e+02,-6.909092546560727897e+02
-6.866102617375127011e+02,-6.740096582821689708e+02
-2.435986661955289037e+03,5.305933364482820025e+02
-1.066766055391900352e+02,1.011888135115683838e+02
-1.390355845083507802e+03,-1.311244782905603188e+02
-2.051584292622210342e+03,5.674888903214543916e+02
-1.872796545325208172e+03,1.720577231730302685e+02
-1.108294078100698925e+03,3.981635747220427675e+02
-1.468699816297694952e+03,9.232136064443541557e+01
-1.515288475388887491e+03,2.335123584503502627e+02
-1.757491426712846305e+02,5.210379758533835002e+02
-2.919683225178099747e+03,2.980321303928316183e+02
1.249900157399743193e+03,-4.190013779854453446e+02
-1.027274635514123247e+03,1.345975199720774071e+02
3.472458978244400441e+03,-3.207798716379028861e+02
3.461099810146068648e+03,-3.156919433412074341e+02
1.274734625798722163e+03,-4.473426188795581879e+02
-2.829769987785900867e+03,2.818752617116884380e+02
-5.497734980056064842e+02,-7.872188185872796851e+01
-9.137717678364727192e+01,5.413946621169026230e+02
-1.511690497312806201e+03,2.365661392920064827e+02
-1.352529003323352754e+03,2.633393969606761331e+01
-6.560843996415056836e+02,-5.278914722106479473e+01
-1.353804209694749716e+03,-1.259228501339450617e+02
1.248949750556484105e+03,-3.955298492148348259e+02
5.340413135419323680e+02,-1.198265155006707346e+03
3.532168202013145219e+03,-2.916455824737503804e+02
-1.094052018153536437e+03,9.465439131612491792e+02
-6.182976240795022704e+02,-6.542802185326299025e+01
-9.882931999931922746e+02,3.628909944439084256e+02
-1.396717713938432553e+03,4.001339033822059577e+01
4.280304643327377221e+02,-6.034476754593634951e+02
2.159379679556876454e+03,-1.226825696640157730e+03
-1.524415239612869073e+03,2.373870768491127876e+02
9.359573948401803136e+02,-1.582315485277052574e+02
-1.034555531330440317e+03,1.315139443688749452e+02
2.332119630963251439e+03,-6.324251993232883251e+02
5.327265710767384235e+02,-1.203126760086890499e+03
-1.079121074266894993e+03,2.121742149026538868e+02
5.031682834610968484e+02,-1.208649179403294511e+03
-1.047036031111413422e+03,1.317575872154031629e+02
-2.849582133121224615e+03,2.819726150588419955e+02
2.304742595441395679e+03,-1.235971510590526805e+03
2.165348379485552414e+03,-1.235319334500758487e+03
3.859813305409842883e+02,-5.974370708183444094e+02
-9.957922277053961579e+01,-3.365352214874690162e+02
9.728912210180686770e+02,-2.004813539106469591e+02
-1.126857067167109790e+03,1.966825922985234456e+02
-1.143225141658919028e+03,1.992357434647729519e+02
9.469899916782190985e+02,-2.030902214993487576e+02
-1.048298914463607332e+02,4.982120796855263620e+02
-1.361220261994155578e+02,-3.628835258607084029e+02
4.236683725312661863e+02,-6.055796185557641138e+02
-1.965828839659151868e+02,-3.690339187928285583e+02
1.772539207738996993e+03,-6.332535147055280049e+02
-9.471936133351479157e+02,4.818370274816481924e+02
3.715556490171001087e+02,-6.640606460023005866e+02
2.348044380301083493e+03,-6.358429533983586452e+02
4.495734335296554036e+02,6.111538239585208885e+02
5.045980754830845854e+02,6.653757664028958061e+02
2.385835031066502324e+03,-6.637482755606166620e+02
2.872535261221970586e+02,-6.120017966591021832e+02
-1.049238738051794599e+03,5.100942664577663663e+02
-2.036357274883917853e+03,5.635545390279296498e+02
-1.960810192268660046e+02,9.852857329549556198e+01
-1.861429938726880664e+03,1.537036558099684953e+02
1.684541427336328979e+03,-6.445193342736641853e+02
-2.332838316741451763e+03,5.820533351671192577e+02
-1.430693995683194998e+03,-1.225462795677804984e+01
5.351449233421263898e+02,6.572166831067892190e+02
-1.415058355838895977e+03,1.734216647343252049e+01
-2.333530109543291019e+03,5.859947932932691401e+02
1.753117305228190162e+03,-6.381167809800427904e+02
-1.824144738964561725e+02,1.118217861159422029e+02
1.936315523640238325e+03,-6.889358028225502721e+02
-1.144737099195424662e+03,-3.189951869713656833e+02
1.390843249936277743e+03,4.456784501607939575e+01
5.161820746007468870e+02,-4.974615476403926664e+02
-2.191808981580893771e+02,6.363877374039890178e+00
-1.401374621660936327e+03,-1.239076684367419148e+03
-1.555740416651183750e+03,1.110542193701770429e+03
-1.577321462144632960e+03,1.155730211097040410e+03
-2.493699913408145221e+02,1.257423759852316891e+01
-2.258519537297467394e+01,-1.267590992336600266e+03
2.236477797902023781e+02,9.684088828284383226e+02
-8.826370675052438628e+02,-4.123518895421900652e+02
1.771969037305520260e+03,-6.036829238119269121e+02
-3.322546304531226014e+01,-1.277273243871880595e+03
-1.450469259559326474e+03,-1.208682981799910749e+03
4.859399312418884733e+02,-5.134337401722798404e+02
1.158732586534148822e+03,-5.991994263152555504e+02
-1.619161401882903647e+03,1.147231784499194646e+03
-1.260831951284733805e+03,-1.080583769778948408e+03
-1.301117237136618087e+03,-1.020520632130865692e+03
1.122760751896526244e+03,-5.849473564410310473e+02
-1.560426269976130925e+03,-1.160130619524567010e+03
5.245864807407635908e+02,-5.229257869130676681e+02
5.008663175023116310e+01,-1.274148379735257549e+03
1.792780982705319730e+03,-8.624846013292167299e+02
-2.955288375398662993e+03,1.041506946354727006e+03
-1.581496322013989584e+03,-1.152105388125228131e+02
1.212612069937899690e+02,4.980717874590209817e+02
2.409643300670758492e+02,9.595628448472331229e+02
-2.416489083411108368e+03,-1.176653798612203673e+03
1.356340260153556301e+03,6.027140894221043510e+01
-6.011366079059188223e+02,-5.209233037946927425e+02
2.977631687412803331e+03,-6.527788751910655947e+02
4.442101642293954683e+03,-3.606013017134031884e+02
7.085904512740952441e+02,-5.953402481828825330e+02
6.383352148343963108e+02,-5.746386821614064502e+02
4.422959047491232013e+03,-3.817053538276706490e+02
2.943408366743656188e+03,-6.532272730005967105e+02
-4.491266978287791858e+02,-5.952844872590284240e+02
1.359082502496327834e+03,4.803824611060289840e+01
-2.397449082786680265e+03,-1.153138365318349997e+03
2.019698298237157985e+02,9.422596889817134524e+02
-1.668193071907917101e+03,-9.669521289682064946e+01
1.579564056051460170e+02,4.803342879416732671e+02
-1.497599924778945706e+03,1.865908309869601922e+01
-2.959485226049125686e+03,1.060584944804803854e+03
1.727145140379358963e+03,-8.418380832645275405e+02
1.999901372916404171e+03,-7.183456464394861314e+02
-1.107460556621773776e+03,-3.365658071336389412e+02
1.391823142660628889e+02,4.850707814417805821e+02
3.647209260755103514e+03,2.123752674202353035e+02
-1.452636994355555771e+03,-1.184166131622796001e+03
-6.122619282338382618e+02,-8.400555185971112451e+02
-1.265467553303076102e+03,-1.080867844336188000e+03
-6.613151223770249771e+02,-8.143993849444362922e+02
2.942751694613043583e+03,-6.669152092205071085e+02
-1.520301849897242391e+03,-1.099605817776650156e+03
-1.634644901120750319e+03,-1.449326200938944851e+02
