-6.910738167591402581e-01,-2.639361185818226652e+00
-1.349288809062934913e+00,-2.041006044946706677e+00
-1.874330881469087995e+00,-2.360691734549446696e+00
-3.496596632740928356e+00,-5.523607487787171033e-01
-3.357671820549628539e+00,-6.826492823145832167e-01
-3.388068847942029116e+00,-3.399150520586861624e-01
-2.346197577324027783e+00,-3.957547488068473007e-01
-2.068817391108932036e+00,-9.143618274151035230e-01
-2.218889662044736255e+00,-7.097070063802179973e-01
-2.530657430781250383e+00,-3.631150798811990654e-01
-2.638628428750251942e+00,-3.242586192639457243e-01
-2.548528016009661279e+00,-3.050055979504243675e-01
-1.948068437373678741e+00,9.725709315269506217e-01
-2.075564563100383175e+00,8.727174308603452557e-01
-1.516547915045254546e+00,8.488676487367812218e-01
-7.640290337078579075e-01,4.677462079275512608e+00
-6.781447842589145569e-01,4.303949751889461162e+00
-5.157355838715526053e-01,4.556813575851792031e+00
3.604520090975772417e-01,5.476571642300613441e+00
1.038348076337969550e+00,5.646885876554652128e+00
-8.030404971888027710e-01,5.315946743006114694e+00
1.120401687042959227e-01,4.933033726990723622e+00
6.454771093261915116e-01,4.958860649519932551e+00
1.649316416082065029e-01,4.787487641066778821e+00
-1.047307480438385952e+00,1.115590349565236616e+00
-9.137158021982580980e-01,3.772075978212711678e-01
-3.095674323556705798e-01,1.290147617306681149e-01
-1.183963786080930225e+00,4.952902436948848575e+00
-1.182486933254751404e+00,4.858259523764064447e+00
-1.450499380272924022e+00,5.023378331036510325e+00
-2.621939239864283344e+00,-7.355812797048928431e-01
-2.878930324058227352e+00,-8.296811068532411459e-01
-3.000262551098932473e+00,-7.089500749419987979e-01
-1.247126574880911498e+00,4.570934665021999521e-01
-1.058255319267721983e+00,5.178258767202643664e-01
-1.221398591045715687e+00,1.185729907066682687e+00
-1.250533488280392236e+00,-1.925038255463459858e-01
-9.476793716760171238e-01,-3.469393984367902251e-01
-1.295249658194745468e+00,-4.708273201588670243e-01
-1.983162386702501001e+00,1.597574125522494892e+00
-1.727256563801079725e+00,1.949160425373184458e+00
-1.693559924969736397e+00,1.846093492578520179e+00
7.828175068194438424e-01,3.135854351175832999e-01
4.997523547047308945e-01,5.344012256960750662e-01
6.929372074645464563e-01,8.817773615419707278e-01
-9.451412965709186098e-01,9.767478297616556393e-01
-1.148226590758644861e+00,1.964041226315541289e-01
-1.341480855326157906e+00,2.534145311426652114e-01
-7.719411561016615853e-01,-8.056371408063356387e-02
-9.272714948615555786e-01,3.317237908102563804e-01
-4.505227257693443232e-01,-1.294168990214536741e-01
-2.374139503430641451e-01,2.830253490616918000e-01
-3.126381806581055023e-02,4.472164171527803211e-01
3.374555966210142088e-01,-3.076083870272616760e-01
-9.862106636453924491e-01,1.296724436855278828e+00
-8.163193344357565495e-01,1.377415505649735916e+00
-8.327169270060584827e-01,1.518246176742283904e+00
-2.827417212137616764e-01,1.278408085402331418e+00
-1.320386139533032965e-01,1.538903386088862346e+00
6.350863913079907164e-02,1.532160902961158033e+00
-1.353022252927849278e+00,1.215245989009598793e+00
-1.099961512492596549e+00,1.141755570595808456e+00
-7.552655220629734822e-01,7.200364137223231875e-01
4.362551663861858331e-01,-2.608347039899699404e-01
4.731141496803704105e-01,-7.922618542298832944e-02
2.983295276645286376e-01,-1.282395427755500805e-01
6.677079975384080379e-01,-2.321718006875379103e+00
3.612719197530317450e-01,-1.791005432152288579e+00
3.918516844986739689e-01,-1.711965590498259360e+00
-1.501495024565797420e+00,-1.662822033752444861e+00
-1.492568081076492081e+00,-2.220557469962476382e+00
-1.371578949245199075e+00,-2.423815656290810416e+00
-2.281543887575255170e+00,6.384445448010914737e-01
-1.615783697338692537e+00,2.572403629051004392e-01
-2.379763831304164690e+00,3.739060834855423843e-01
-7.299807027100286838e-01,-1.869580368826519345e+00
8.843218160973649600e-02,-2.054951256756130995e+00
6.002171246830285967e-02,-2.023100805601091512e+00
-2.221983729164667576e+00,-1.779339562005173292e+00
-1.978703487841952269e+00,-1.837936695513322505e+00
-1.846590701777185650e+00,-1.958986033211397748e+00
-2.058691887637184692e+00,2.637848545941919309e-01
-2.019593349611993993e+00,6.613657520490137109e-01
-1.749862562975215807e+00,-9.623817855938021637e-03
-2.745503572527952851e+00,2.661500163109275618e+00
-3.103014599044362054e+00,2.509530618917167999e+00
-2.862135253008147195e+00,2.443687851176816750e+00
-2.611183110673643171e+00,1.117455935172618764e+00
-2.460428404777105893e+00,9.379196383908732226e-01
-1.843502471024402789e+00,1.785444419489959467e+00
-1.876456422332037910e+00,-3.496464425856586899e-01
-1.954527475289375094e+00,9.669180243032707289e-02
-2.100833049982857581e+00,3.096364446210801424e-01
-9.544248579623346718e-01,1.660096815766247458e+00
-1.289532974741855575e+00,1.970166079781078050e+00
-1.731668554692773032e+00,1.768504563859675693e+00
-1.897437466801116912e+00,4.537170068139798063e-01
-1.859260634952273339e+00,-1.143634977679313519e-01
-1.957692983205245874e+00,1.006870611477282962e-01
-8.332519537720686209e-01,-1.595770396767122401e+00
-1.394638361827267747e+00,-1.765593006705598711e+00
-1.369927440362771476e+00,-1.804289630127900557e+00
1.018990373623014367e+00,2.392166674504076607e+00
1.179228832598497201e+00,1.754457745687448389e+00
1.161236390936505991e+00,1.934544930688606446e+00
2.256975871923366794e-01,5.926550415012691531e+00
-1.360947600475106989e-01,6.525549053770961727e+00
-2.349891342366684510e-01,6.087522987350654446e+00
-1.699396849829220013e+00,4.733415111884635706e+00
-2.596607087624892785e+00,4.496884735670683142e+00
-2.191669743781903268e+00,4.999427732641323452e+00
-1.278918651255436467e+00,-7.792449830689341939e-01
-1.834413159919684233e+00,-5.983389805580199283e-01
-1.505980267300449871e+00,-5.668465504815993761e-01
-8.273572315487804918e-01,4.944959495225308643e+00
-7.021183519795530792e-01,5.350058785166683428e+00
-4.067650277195077879e-01,5.337734256263499510e+00
-1.713930320133620233e+00,2.864851932865258632e+00
-1.812907168249502377e+00,2.570296614667365365e+00
-1.487772583440139407e+00,3.257321332150579174e+00
-1.833837947105877220e+00,1.912474235813228507e+00
-1.254839844476716593e+00,1.910700585422605124e+00
-1.024623226952261712e+00,1.320246699454581618e+00
-2.864484916919181945e+00,-7.885869099702538243e-01
-2.452571257102046154e+00,-1.031486190841602646e+00
-2.214700185358816853e+00,-1.278398938232735649e+00
-1.498421882795399451e+00,-6.300593864885162265e-02
-9.242043428452682008e-01,-2.305109333598409638e-02
-1.736187705623538857e+00,-7.609853585045728286e-02
-8.085561085019838945e-01,-3.285027162744631468e-01
-8.768404895138518507e-01,-6.755825120794199945e-01
-5.194707758172661949e-01,-5.649838467471169912e-01
-8.662930935342688654e-01,5.065652966828657622e-01
-4.688251432008247455e-01,1.002179296317744939e+00
-1.127149613747677082e+00,5.269906596807335530e-01
-1.110595042604656912e+00,-4.263513465674153569e-01
-9.382465520001084247e-01,-5.950508819619483303e-01
-4.038207541865478922e-01,-4.306550230972385762e-01
-2.252239986498314916e+00,-1.855434849506532480e+00
-2.798115972207571467e+00,-1.979119424737016963e+00
-2.750303922637212573e+00,-1.688818642673852954e+00
-2.291232421811632225e+00,2.520786977105830551e-01
-2.010522198173722686e+00,2.968851855507360638e-01
-2.055307008939769364e+00,6.045868034877387442e-01
-2.773361793870924075e+00,-3.298693598441237995e-02
-2.928284515866746318e+00,-5.477331122426834509e-02
-3.095925982957033362e+00,-1.144903815377695117e-02
-1.477881818112960044e+00,-9.737211432964892888e-02
-6.904899318758334070e-01,9.006299261377324894e-02
-2.450710134709146726e-01,2.519177833979828127e-02
-1.231250416426115102e+00,7.275420319208786291e-01
-9.883942979527556849e-01,7.510094921715717575e-01
-1.223145090572876015e+00,4.903939960730983039e-01
-2.032876708925408504e+00,2.444880018590701587e-01
-1.619493823882008909e+00,6.598544843733029630e-01
-1.612044849216033526e+00,7.246278424047019051e-01
6.089922042722389905e-02,1.788662280528395820e+00
-7.496375468663264430e-01,1.767462878398662340e+00
-7.072880092409113972e-01,1.963647822964823986e+00
-1.658401744828739366e+00,4.593750109343749388e-01
-2.140969276674259625e+00,5.470837814263853627e-01
-1.713843417670942060e+00,4.216101246065696029e-01
-2.772075551928948833e+00,-1.652989780700884759e-01
-2.582647313814516288e+00,-4.075641147396880104e-02
-1.855859952117281386e+00,1.777355610793769913e-01
-1.102705777369776152e+00,-1.666594117080354653e+00
-2.421946416567346994e+00,-1.485087812186075329e+00
-1.909843968571089290e+00,-1.953848839088107914e+00
-1.146520410817151836e+00,-1.852160634370818126e+00
-1.611140036544036036e+00,-1.353115230364505761e+00
-1.103505617402061434e+00,-1.434475966772498889e+00
-1.826602589808030030e+00,-1.797997587382611284e+00
-2.817311490579434974e+00,-1.540195383228120551e+00
-2.775363858634976033e+00,-5.112161431476793805e-01
1.119148303993254157e+00,-1.347665746408948373e-01
6.985596545887878817e-01,-2.707009757367808134e-01
5.389883307532342682e-01,-8.131733505378673232e-01
-8.461018362731406173e-01,-9.922722871908319642e-02
-1.486830596202422639e+00,-3.121706764168739601e-01
-1.483816421972576238e+00,-7.155696564637215040e-02
-2.866405386357270935e+00,-3.694366860805776143e-01
-2.926028262118036682e+00,-4.003011276922013861e-01
-2.571023781693610122e+00,-4.295146872881508981e-01
-1.283115972236236191e+00,1.391919212433335051e+00
-1.435188768833659756e+00,1.291846135176722310e+00
-1.395709142065635122e+00,1.341371880614806278e+00
-3.152392021255010501e+00,-6.163422279270481807e-01
-2.907377699130348159e+00,4.371639197401608334e-01
-2.983128791681661784e+00,2.403207976311525496e-01
-2.015578419580237313e+00,-1.966018358781703279e+00
-2.079875720276651130e+00,-1.769673712468358362e+00
-1.539748925131835922e+00,-2.084744618323226550e+00
-1.088269731797378403e+00,-6.464469323226673669e-01
-1.261273928359485375e+00,-3.157623231907619732e-01
-1.422039964267879153e+00,-2.394154203120887614e-01
2.322071443917992084e-01,-8.113196238636413149e-01
2.715796245259162744e-01,-5.151111747711824007e-01
8.970879703834752639e-02,-8.023238826128924472e-01
3.119351846184963417e-01,-7.368587681955037771e-01
1.757883928807078278e-01,-3.946388105410237879e-01
2.895280107275623460e-01,-9.850125881803296624e-01
4.623957021067180428e-01,-2.240152563785378526e+00
1.088388937185610583e+00,-3.032621404101163431e+00
1.089312760504137501e+00,-2.848675830272267007e+00
-3.842492211025093862e+00,-3.978552147623158897e-01
-3.779089923982301258e+00,-1.315123367877868876e+00
-4.010648903222276296e+00,-8.319151784092527757e-01
-5.841449590630555244e-01,-2.475789966749602389e+00
-7.001347833133692022e-01,-2.801053825976377976e+00
-4.073063963828470468e-01,-2.191425636014368461e+00
1.908978351944246699e+00,-1.571132991249892141e+00
1.755861419874955809e+00,-1.735526195674964800e+00
1.591368347738294053e+00,-1.970155231286530029e+00
2.627718378195262439e+00,-1.892841489329034399e+00
2.093084926570583981e+00,-1.142956923773559730e+00
2.585976885876155595e+00,-1.549269519690645414e+00
2.852505058409401384e-01,-2.559328889177425292e+00
2.058544635778185583e-01,-2.926511863432333271e+00
7.462532017335562484e-01,-3.184690433585411373e+00
3.733106047868908206e-01,-1.782155130467112603e+00
6.779897596247580482e-01,-2.301981695193984656e+00
4.282906613114822458e-01,-2.057928501206714333e+00
-3.254156150215009591e-01,8.569352596615480433e-01
-6.993352284047286149e-01,2.061712839258031393e-01
-5.989402820812261830e-01,-2.015475485795038546e-01
-7.853096243131372223e-01,-1.588692665215919675e+00
-4.910596800301432197e-01,-1.549981785557686953e+00
-4.600496202546003888e-01,-1.202965680483766953e+00
4.033899589729846857e-01,-1.022357333489566589e+00
4.492452236750841266e-01,-1.180098598551294176e+00
1.256502908378210881e-01,-9.234255543623191009e-01
6.210434162301352590e-01,-3.224680707985910999e+00
5.187845334491508753e-01,-1.985432060483589556e+00
-8.832103993772685846e-02,-1.550486004500539750e+00
1.233594402001029655e+00,-6.010699644427396349e-01
1.216939028721599536e+00,-6.902888834680325214e-01
1.551960424844178288e+00,-1.304095538814522282e-01
4.384699262300345568e-01,-7.200072230638392412e-01
1.926203504751480278e-01,-6.084667498344789038e-01
3.512142257636479137e-01,-7.915335183428032773e-01
1.586685339351231683e+00,-1.540174424663340425e+00
1.509620482822281007e+00,-1.827410071375989098e+00
1.801778883022595812e+00,-9.895582578236814530e-01
8.079037320338904316e-01,-1.137496962184347593e+00
1.067010319071629354e+00,-1.020955688589301857e+00
1.158084702216166439e+00,-1.269424368640770018e+00
-2.443311924473262842e+00,-1.546415766421543880e+00
-2.004039581308209250e+00,-2.161115656635040239e+00
-1.749759091536065680e+00,-1.601249082539245361e+00
-3.069539698592265164e-01,-2.136355639574197163e+00
-4.134077713930027209e-01,-2.099575974370483600e+00
-5.610055841924598274e-01,-2.144072524653613421e+00
-7.631515048224564168e-01,-1.807954045734479376e+00
-1.346418460635543823e+00,-2.271886202251532261e+00
-1.163194154729961571e+00,-2.271564826336633480e+00
-1.535843161939494994e+00,-9.443744454725249149e-01
-2.084327663354912819e+00,-1.362057604135558320e+00
-2.346231244385939441e+00,-1.636681488074487989e+00
9.543498332591814348e-01,1.010884777384493394e-01
9.219549133132695085e-01,1.030554814007662856e-02
6.492501235129829462e-01,-3.843925641719513342e-01
2.247871450709331143e-01,-2.128973130855710938e+00
4.662116182093377081e-01,-1.563157416675468481e+00
-1.240493020967995130e-01,-1.534018909336780867e+00
-1.692415331352406405e+00,8.101370381417356548e-01
-1.446963909113368585e+00,6.185869925184921403e-01
-1.383711112344584881e+00,7.288265803862475911e-02
9.076600432070198732e-01,2.301799039508538147e+00
1.506673660041148333e+00,1.933377693405730513e+00
1.384992756983409512e+00,1.772187115415929437e+00
1.669754978098389797e+00,-3.901278637085451306e-01
1.976759958522798843e+00,-2.669158272735233095e-01
1.667629017852242601e+00,-3.384198907308080262e-01
-3.164210172958691891e-01,-2.224141297902953340e+00
1.156923633222184389e-02,-1.929782768086197864e+00
2.212817159542074946e-02,-1.902061771120674649e+00
-4.471742914356622856e-01,8.129921068059845490e-01
-3.273789429928442574e-01,6.769829147402959268e-01
-1.655178859949267556e-01,1.057715125459535832e+00
-6.108724790087941559e-01,-7.653452880112346923e-01
-8.207667308482577972e-01,-5.115466832513233530e-01
-8.820448554781840089e-01,-1.127708060448332272e+00
2.475336786813622514e-01,1.542834840214651893e+00
3.260187061774877937e-01,1.637398350123589585e+00
3.462983530542882438e-01,1.688842854876100086e+00
3.211406946120606065e+00,-7.783949280062590903e-01
2.654545058719608441e+00,-7.313033393218943967e-01
3.117785750552419799e+00,-8.823139744393461159e-01
-2.215496431396992261e+00,3.593829345367144379e-03
-2.345295019667749781e+00,2.841672777164822583e-01
-2.554731993672853196e+00,1.139038116148859636e+00
3.482350263661340595e+00,1.027076012934836857e+00
3.584936347429615644e+00,5.678562939695171174e-02
3.873576905744553045e+00,5.752274438287960923e-01
1.687940585496436441e+00,2.315658469751083803e+00
1.359932519500445913e+00,2.607005756193811585e+00
1.004564191444440091e+00,2.909534286360023980e+00
8.562608805546745305e-01,9.770937796944241249e-01
1.300383628693833726e+00,1.315552862123357647e+00
1.507995260021469441e+00,1.036868859254121311e+00
3.979211836091401944e-01,-5.337553461180526426e-01
1.888450077636629754e-01,-6.215215144881421905e-01
2.378456482488586210e-01,-1.114041838050804589e+00
-1.209926748303599808e+00,-1.342861408133755541e+00
-1.380249367606477096e+00,-1.098335172118198422e+00
-1.420690542107015508e+00,-1.351037408104815984e+00
1.391046999063511480e+00,-1.368666630475579904e+00
1.392584948916792076e+00,-1.300732547914255299e+00
1.328840724402030604e+00,-1.236909834221035398e+00
1.199320104779690199e+00,-1.261812323790661994e+00
1.262995844122802636e+00,-8.989324917850259888e-01
1.425561092615825975e+00,-1.013830287663973984e+00
3.474465759933828557e-01,-2.666953290944983124e+00
8.098875068568179847e-01,-2.186726525764716822e+00
5.778029176017999147e-01,-2.142140394794240343e+00
-2.027006504765799022e+00,2.889110082528055790e-01
-1.918990871135294540e+00,9.185736863359944548e-02
-1.280432604708218847e+00,-8.599957533251880726e-01
-1.500864543723788413e+00,-1.809972464563118333e+00
-1.219000123312341977e+00,-1.605823253900088954e+00
-1.807784445591116063e+00,-1.262027864105181196e+00
-8.819730057842860571e-01,-3.355732564212154934e+00
-6.113718969328962860e-01,-3.220762297065174362e+00
-3.461993115172650182e-01,-3.501360333393019886e+00
1.448126215075994816e+00,-1.459747385140039322e+00
1.274622294276226420e+00,-1.058515413523061000e+00
1.087985622595625923e+00,-1.351244336844846350e+00
2.802761760755271836e-01,-1.304388298714926897e+00
2.194127562285312638e-01,-1.227801041955191685e+00
-2.515706883840945762e-01,-1.789380907765402817e+00
5.470491284632466034e-01,-8.016622307304912542e-01
-7.089486656190742142e-01,-1.512536374226209457e+00
-4.417682305714792923e-02,-9.356835310692951380e-01
8.994090938480320263e-01,-1.998704793187996875e+00
6.792186242714270961e-01,-2.134807730739418208e+00
8.211560341938278773e-01,-1.842437649498699592e+00
2.538102547615335158e+00,-2.020218389522540736e+00
2.143290789825348153e+00,-2.242750011030787416e+00
2.526577950929988159e+00,-1.745154385993487711e+00
2.007858300647094030e+00,-2.533519740467923498e+00
1.654446817537221115e+00,-3.208063144304631020e+00
2.056250149212529799e+00,-2.620349105243117371e+00
3.973101481287982129e+00,-1.642522256435535066e+00
4.129070019137961012e+00,-1.739921576088020894e+00
3.815901832890777889e+00,-1.405758077243010273e+00
3.119642590568532992e+00,-1.607073701661075438e+00
2.764802320786195367e+00,-1.514902546272669293e+00
2.951816591043611826e+00,-1.340590513878876511e+00
2.988760154288979898e+00,-4.121862283827003592e-01
3.215211660216142686e+00,4.511126744790427967e-02
3.322620792119149513e+00,-3.550271763300782979e-01
1.332370688987827956e+00,-1.913174431654091956e+00
1.039833103270591641e+00,-2.285658712124133629e+00
9.409252992610270816e-01,-2.043634179660186234e+00
1.785216062854473318e+00,3.556592402825660582e+00
1.686828918610847383e+00,3.470283163113447866e+00
1.690616148899757532e+00,3.271671881997659348e+00
2.715040740181771550e+00,3.684321110856796810e+00
2.255684517458337091e+00,3.851897444727892417e+00
2.030934676707972120e+00,3.260125499012751060e+00
1.609330704455510297e+00,3.162494013799445280e+00
1.378670588378367867e+00,2.964473248834413432e+00
2.138128117687694285e+00,2.559585597127964629e+00
2.167602744943522008e+00,1.016770420355326499e+00
2.316611782053585866e+00,1.132193743546801690e+00
2.360564016361855533e+00,1.242012215863627755e+00
1.249784951280814793e+00,3.133497468929935081e+00
7.239340758907035767e-01,3.407410632507244408e+00
1.368968173451863723e+00,3.742644511912921246e+00
1.214561499519385634e+00,1.559457712541458152e+00
1.101701995430482528e+00,1.648304141822016122e+00
1.245152078183134670e+00,1.807632178363848041e+00
2.623234911697217342e+00,-1.208379422666003566e-01
2.557446204988610639e+00,2.172150171659075757e-01
2.008028248311092501e+00,-3.110445251745554418e-01
-1.703813078966666950e-01,-1.860905395488945180e+00
5.008306846490294673e-01,-1.976214728372990059e+00
2.652630203856831126e-01,-1.102890727078563060e+00
3.110830428426268224e+00,6.571903721254586106e-01
2.855560382295983413e+00,1.231260741978752016e+00
3.114886540920284386e+00,1.027757168272906529e+00
1.168783373880218468e+00,-1.165215418843777773e+00
1.544998464859320242e+00,-8.434375419018157460e-01
1.252211995585523319e+00,-1.059390814933608205e+00
1.066863252945301710e+00,-1.822180575797261559e+00
1.210182839920920683e+00,-2.173491697270115264e+00
1.585192092120985885e+00,-1.490424985172885464e+00
3.185694565749674911e+00,7.135867078342178482e-01
3.371289965795525312e+00,4.065465986123917297e-01
3.401297496124464192e+00,3.506982402272078025e-01
3.337154374374558419e+00,-4.548385134013538389e-03
2.913896769039757473e+00,2.766749350257580176e-01
3.823001426140788972e+00,4.185798465712894378e-01
2.368981697881643811e+00,-5.372236961412071299e-01
2.591382958111532631e+00,-1.428280092181508643e-01
2.214203028421650732e+00,-3.578582638717613118e-02
2.156047783471459311e+00,7.346578369033374134e-02
2.068109386847341913e+00,-1.786939923611617631e-01
2.399975773390413902e+00,4.814198755693520626e-01
4.104575959645457850e+00,2.014804508643455727e-01
4.613855301146983834e+00,-9.857430834601636771e-02
4.661927207280825769e+00,-2.526219169825884014e-01
4.228423732250737643e+00,-4.649843925870870281e-02
3.263630890962274655e+00,-5.527826078122239917e-01
3.228411518003992065e+00,-2.885897146559968096e-02
2.777281057639565898e+00,-5.371756194465844292e-01
2.465798953819286599e+00,-4.614983566301694706e-01
2.325410864922267784e+00,-4.469558600026239392e-01
1.522423559029670193e+00,1.615079554681449592e+00
1.301316319744945993e+00,1.212737833745366034e+00
1.575561218779002903e+00,1.394228821932899764e+00
2.094557967328153580e+00,1.197806990951602035e+00
1.162686459479949752e+00,1.455029803562709612e+00
1.565474502236432697e+00,1.760117886073035320e+00
3.579812836703556655e+00,7.407203448614122498e-01
3.710568461841208698e+00,8.003879814757212108e-01
3.717295988408432894e+00,9.626852802703064205e-01
5.563054028974740994e-01,2.913026244840856149e-01
1.873332617121391541e+00,4.258168629553814311e-02
1.683634788017621009e+00,1.153212906844158225e-01
2.712112681769429656e+00,-8.907501285423855553e-01
2.282124905032816731e+00,-1.239163199759768741e+00
2.431203059922791176e+00,-9.729642220149598009e-01
2.547360901339250638e+00,-1.341648707687420616e+00
1.511962134886785325e+00,-1.414778029484717425e+00
1.756110403985273516e+00,-1.481210061687775248e+00
2.144444998486848775e+00,9.557477481537595132e-01
2.842856988026006615e+00,6.898298136200351482e-01
3.307552343854120114e+00,4.516681764144304112e-01
2.095281842706076869e+00,-1.667834296121932347e+00
2.370752013603565800e+00,-1.701576176153971609e+00
2.597200444466325031e+00,-1.663394343671912745e+00
2.034391791693933804e+00,-1.662275398393993298e+00
2.250221211810259359e+00,-1.658615024938260740e+00
1.911956568432330306e+00,-1.885073899172126755e+00
2.504184878156373806e+00,9.248230706969142734e-01
2.606088950124295867e+00,9.070263475587717061e-02
2.646909100310185892e+00,2.766286016037426965e-01
1.681101824682348811e+00,1.950053353305923054e-01
1.439577734051485258e+00,-1.074584738174053089e-01
8.787252246893249019e-01,-5.175714274388721892e-01
4.261445477774519652e+00,1.862732761755270472e+00
4.547430939971321529e+00,1.736994586235552696e+00
4.422360309171800452e+00,1.658578529017179726e+00
2.455196891204228127e+00,-4.803086965890170923e-01
2.969042456938654428e+00,-5.482078389925647555e-01
2.776893982014169815e+00,3.885807284891324431e-01
2.963384223394184946e+00,2.268453702871159328e-01
3.439966665464025297e+00,1.218104956182948007e+00
3.263854808816589514e+00,7.788407622675441733e-01
2.952077199121571738e+00,-4.041434557300961350e-01
3.338318634012698904e+00,-4.293712248666921583e-01
3.011375449447198704e+00,-2.042774282836619382e-01
4.043831182062276319e+00,-6.873293654957712828e-01
4.053995753246994127e+00,-9.411803671388186965e-01
4.066841416439580748e+00,-8.499893979093283702e-01
1.893160801076689381e+00,-2.693673551218329187e+00
2.268668475799865192e+00,-2.309339268746115170e+00
2.626933640846556450e+00,-2.232262186591232211e+00
2.395511802177807681e+00,3.752236125318626048e+00
2.404601317259759785e+00,4.228093437530642262e+00
2.388111378219181180e+00,3.786589122503652760e+00
3.636515444208198833e+00,1.638553400611044930e+00
3.862305680242936301e+00,1.447156981651733121e+00
3.479541813475231393e+00,1.894708348616057858e+00
2.691704244490647380e+00,1.914731924279064135e+00
2.668845007919220080e+00,1.925503715064567745e+00
3.741367484120400544e+00,2.259969505746432183e+00
3.176437081038405719e+00,4.290495188571182616e+00
3.047481840262435959e+00,4.305122971001598131e+00
2.898682136911238771e+00,4.156362746820106757e+00
1.808554833027212760e+00,4.613831047810275088e+00
2.029204377159968598e+00,4.790003745748756536e+00
1.955655045789923552e+00,4.099811749218374324e+00
4.379381461876198145e+00,3.546256013609552227e+00
4.148306523192846207e+00,3.503209359677888823e+00
3.922885288238186163e+00,3.529142610675169323e+00
2.855060873870671312e+00,-1.446501925765775409e+00
3.209809081357148930e+00,-1.484654383934629118e+00
2.012522321063155317e+00,-1.204969893207265219e+00
3.491978268249678941e+00,4.662357982819546609e-01
3.472894578096858975e+00,3.545984939695032145e-01
3.240468202450805357e+00,2.699794414499376294e-01
2.836061664241267710e+00,2.585751959024974234e+00
3.012924558814759290e+00,2.354963546659075480e+00
3.058828728360521776e+00,2.269577486767767827e+00
4.929522867479340653e-01,-1.584316007562173834e+00
6.565707505991591475e-01,-1.074125121346184653e+00
9.281904965036975874e-02,-1.457869093953224171e+00
3.879444335941074851e+00,5.113565739665786314e-01
3.757498816168435951e+00,3.534609865945139706e-01
3.550212916837874211e+00,4.367946356639825778e-01
3.767094952168937638e+00,-1.754104053936302865e-01
3.088158117705547934e+00,-3.950257443229432397e-01
2.719652559767398614e+00,-1.552473903540744216e-01
1.944205063519535814e+00,-4.847968862384798294e-01
1.786046357288434416e+00,-5.064489197170936041e-01
1.912764732968879722e+00,-1.490245057410621299e-01
1.312769664971982664e+00,2.169261559611208590e-01
2.441676777007760979e+00,3.990762714599119798e-01
2.587730804226505921e+00,-1.815364252325801092e-02
6.293739503369044641e-01,-3.047284993465694258e-01
1.081110497058906050e+00,-2.513056487401914008e-01
1.273761458324851326e+00,-4.409183012510623501e-01
4.140225296956843160e+00,9.201716505146432246e-01
3.690316017064112941e+00,6.593276941838230876e-01
3.498293804531314777e+00,4.281253788829629259e-01
3.189562869162000602e+00,-5.267899610951379819e-01
3.173044665036594658e+00,4.850289872776963884e-02
3.181425295696143518e+00,-5.916136030445553473e-01
3.312640784554012896e+00,-3.969818449356053991e-01
2.929540538107422432e+00,-8.815387926878726077e-01
3.128072396745484873e+00,-6.570622596787025760e-01
1.017501971102203751e+00,2.285047799912485189e-01
1.513917400347477571e+00,1.675336314838110630e-01
2.285069819711653683e+00,4.262901209929076396e-02
1.578071723771455215e+00,-1.462762140408633282e-01
1.873542462580846335e+00,-8.968775854980503004e-01
2.117897351095376024e+00,-7.214389563421870211e-01
2.637221918080765448e+00,-5.859196852509094278e-01
2.539689510317823196e+00,-4.521579733618096286e-01
2.724899166991366251e+00,-1.744720992843706575e-01
3.132635582412743425e+00,-8.984096272174697528e-01
2.979767310499683575e+00,-1.061212774002806114e+00
2.971101635349409520e+00,-9.888876929289986961e-01
4.604340475249697029e+00,-2.670736337294186968e-02
4.927759615512048441e+00,2.546108284074221073e-01
4.701788206854979890e+00,-1.771851009573042687e-02
2.940170018972425581e+00,2.296512324996053955e+00
3.658899225843523340e+00,2.719748642383696069e+00
3.093132745370227532e+00,2.397849653155825767e+00
1.482871828465270880e+00,3.899985045334224409e-01
2.644477071788050804e+00,3.135043621546909076e-01
2.777528727746823911e+00,4.412739724994539925e-01
3.883804188678182445e+00,8.922442087327393800e-02
3.588239003781655168e+00,1.201536195586419831e-01
3.242897093294409672e+00,-1.493014350148410552e-01
3.523659775237192537e+00,-5.512356182851421149e-01
3.208696812579221902e+00,-9.720344422198500256e-01
3.050871819188686551e+00,-8.363884833771736416e-01
2.406833086402750510e+00,-1.296158578182170729e+00
2.345762910829682468e+00,-1.668423481895928484e+00
2.200036111875763201e+00,-2.044501806926312781e+00
4.284080551568398398e+00,-4.096677351455497162e-01
4.229793894794703135e+00,-4.984631347236796461e-01
4.414153725192052846e+00,-5.478263767390381123e-01
2.124166554977293231e+00,-2.101863071406725236e+00
2.230575279198473204e+00,-1.912920199033980362e+00
2.473751810840945975e+00,-2.324587029483196510e+00
9.391942159005156610e-01,-2.573826493202118648e+00
2.401857737185074115e-01,-1.131100825393150933e+00
1.299577956888446462e+00,-1.247917464049031366e+00
3.810481026460714293e+00,-8.923877197430635233e-01
4.469010106923658299e+00,-1.080321594363145898e+00
3.630941464569072075e+00,-8.220420807710114852e-01
2.145340579708265416e+00,-4.353042160024354623e-01
2.446046318997508795e+00,-6.407727398577804934e-01
2.237097512160227453e+00,-6.568970364745688739e-01
-1.283991883061655348e-01,-9.969489135418235781e-02
5.286390996158567973e-02,-2.884441281770244170e-01
-9.502958198484089125e-02,-6.138889215873239991e-01
2.131471098344433379e+00,-1.175237159033596657e-01
2.385422909700457339e+00,-6.128247468367203910e-01
2.892789197864912953e+00,-8.169024334457875014e-01
2.414989363567286329e+00,4.095639100985851710e-01
1.445665632805999801e+00,-6.202994106553265663e-01
1.459430142478812087e+00,-2.860487630998990172e-01
1.878521255038985815e+00,-5.524125733494055224e-01
2.328074389264346067e+00,-6.049617014774316681e-01
2.501081654349625705e+00,4.479970844871797309e-02
-8.418862884685054393e-01,-2.585660193317438793e+00
2.696270543567438893e-01,-2.137404651699112534e+00
1.321893405791324250e-01,-2.031473241942873376e+00
2.065034820647397851e+00,-9.363259795029187371e-01
2.511616291850419014e+00,-9.157912537379019335e-01
2.361979932096871515e+00,-8.843775898506159860e-01
1.503597869841033274e+00,-1.619569451745087596e-01
1.324509113664911419e+00,8.779772268941388180e-03
1.491496955403049052e+00,3.711211159545967087e-02
1.735861540631204569e+00,-2.386862099216430888e+00
1.620337492797129686e+00,-2.606257333504304441e+00
1.288011695685070679e+00,-2.354610397263250388e+00
1.008862382441050976e+00,-1.733373511403833556e+00
7.927107085493914074e-01,-2.264759217431036475e+00
8.901090526108806911e-01,-2.229432069088451485e+00
1.477469210194569449e+00,-2.847887525649205553e+00
8.260100895699625800e-01,-2.633424244065140751e+00
9.302569137967885426e-01,-2.808698445901857355e+00
-4.647587714850086038e-01,-8.705640064443898041e-01
-2.637635563864422772e-01,-6.027085235172893185e-01
-6.966147179237799358e-01,-7.444039305251892724e-01
7.552509941372926860e-01,3.227689965463481636e-01
1.096704517361132059e+00,7.534364103828716797e-01
1.191464228751333065e+00,5.203691515827963965e-01
6.277182206060661906e-01,8.389617524064501008e-01
7.651817606597255406e-01,1.372890266744449139e+00
2.604192766336123621e-01,1.707210580140778644e+00
1.095752248349998403e+00,1.928048779770837662e+00
1.092046397107363953e+00,1.647454949125440882e+00
1.089143666239876795e+00,1.843603206045122622e+00
1.926480426253976752e+00,7.545153315920923864e-01
2.114496601293572642e+00,5.251898873978553262e-01
2.051486322543650154e+00,8.007991472741711192e-01
1.221253790389086991e+00,-2.181242153261438776e+00
1.341506417851892952e+00,-2.419608440417369888e+00
1.495005124036051125e+00,-2.371223784119344646e+00
-1.813563452239866369e-01,-1.496659231371615606e+00
-7.926926692429296928e-01,-1.077527648533108895e+00
-4.796229476172108042e-01,-1.556338795858568158e+00
1.312066520765923450e+00,4.730325778820914984e+00
1.246743986025237172e+00,4.715784116365830947e+00
1.359125890032687245e+00,4.671891913315034728e+00
2.095552191452933588e+00,1.564972826022500874e+00
2.166446999885456748e+00,1.557610766444560646e+00
1.906312320490611389e+00,1.452820649160852629e+00
-8.605662867652787984e-01,-2.601214289483873010e-01
-7.182066665378983306e-01,-3.123265995041181464e-02
-1.003036320369014023e+00,7.185906071746850365e-03
3.797560740128235190e-01,1.287045036878368132e-01
3.529837715139698684e-01,1.966244608429489615e-01
7.560147442407001428e-01,4.083015839007955172e-01
3.313310126160729507e-01,-1.465302157091255664e+00
7.823949122701583381e-01,-1.245672749831520765e+00
3.496578801382339563e-01,-1.520900694283687793e+00
-6.407518921904091780e-01,1.291493007459994513e-01
-6.277578476063838675e-01,4.632143887257270110e-01
-5.014507671318655380e-01,3.985476540568541060e-01
2.870178458669751631e+00,-3.497153512088478911e-01
2.759226345012645076e+00,-5.843065393171136268e-01
3.033501348082625615e+00,-3.383973869581997085e-01
5.217537155659698334e-01,4.220567915214814558e-01
7.535821450269132304e-01,2.146314746023825770e-01
6.942606778789164323e-01,4.135937943015177698e-01
-3.692300759099040874e-01,-2.556028239113091072e+00
-3.184644626949313384e-01,-2.390439091825383500e+00
-5.797096705814893669e-01,-2.367507297572511327e+00
-6.248765505897391215e-01,8.947493848951955098e-01
-7.486168386721135937e-01,1.075703364374770654e+00
-4.308569998184895167e-01,9.035948966489184553e-01
-1.409357790425291856e-01,5.218440970073874308e-01
1.467216683382267517e-01,9.100211095981967091e-01
7.077743590687274322e-02,9.026142905058963661e-01
-3.573131196417353994e-01,7.516141737500986464e-02
-5.836292545253406183e-02,1.805219779328332830e-01
-3.602626660198338104e-01,2.157090821383199353e-02
1.066334547156921886e+00,-1.564772684385594692e+00
9.408315024299322982e-01,-1.720335145961550571e+00
6.203679242407577066e-01,-1.586763107262940231e+00
8.029401255574859508e-01,-2.369848916497670821e+00
6.360413560322952797e-01,-2.862244160750320177e+00
7.663241704148346933e-01,-2.367634379836198733e+00
1.843929564237121621e+00,-1.616985406054175956e+00
2.030967569212855928e+00,-1.535613134583446060e+00
1.690660494789104851e+00,-1.403903862473092179e+00
2.629748499484391155e-01,-2.777491930981009549e+00
3.450656802083841290e-01,-2.663654409076811280e+00
-2.002765982932464273e-01,-3.094534593811786305e+00
-1.949737187685768314e-02,-1.376111360828372598e+00
-2.818707038191866077e-01,-1.300075821520698005e+00
-1.058536246065730158e+00,-1.494560505680545548e+00
6.791265152444195818e-01,-2.089828155824133837e+00
1.820558323410182422e-01,-2.078264981923214183e+00
4.387351918966024278e-01,-2.439465530873484056e+00
-4.513542593913549839e-01,-1.451523583778479232e+00
-6.414194681492738637e-01,-1.748114222092339354e+00
-5.816792106291049924e-01,-1.488861769658833545e+00
-1.244978671367504702e-01,-9.092539361593246494e-02
5.449469568089859717e-01,1.296708458281718157e-01
-8.574817244904608948e-01,-1.264058868139269765e-01
5.886189267107042045e-02,-2.240732280179599023e+00
5.307204221150154666e-01,-1.987024237628469026e+00
-5.503461017692301560e-01,-2.483746553490138176e+00
-1.930002907920256527e+00,-1.852211961042665278e+00
-2.316907516678730516e+00,-1.353226113544254483e+00
-2.434189559979031969e+00,-1.086634622189401878e+00
-1.987520830116859427e+00,-1.551850477457467070e+00
-1.662217932837271039e+00,-1.840070098114175767e+00
-2.109421455443106996e+00,-1.219021592312641955e+00
-4.068067203478293870e-01,-1.239892296353319656e+00
-3.088588001205554157e-02,-1.391839232643923285e+00
-2.868053458698612834e-01,-7.572246045468199460e-01
-1.358639329404165652e+00,4.369931858147465542e-01
-1.163440189696290705e+00,7.049458030480382220e-01
-1.430003353295104418e+00,2.790280528109289060e-01
-5.163988313761450621e-01,3.904264525629233429e+00
-8.092762588255000278e-01,3.677377765304315371e+00
-3.975919502624863933e-01,3.564369589904015090e+00
-1.565200046696641145e+00,-1.856364734627636182e+00
-1.336965720506704036e+00,-1.430154049957761409e+00
-1.556397886883821080e+00,-1.913517504487073362e+00
-1.270667119787261878e+00,-1.509865782549280402e-02
-1.653978509286659460e+00,1.719093005249378581e-01
-1.133034478598973882e+00,-2.995752398131162897e-01
-1.089230157691614798e+00,4.641905818553465402e+00
-1.032052230080697131e+00,4.855199088471835012e+00
-1.449479932488028533e+00,4.992561856768169548e+00
-1.362763416466877819e+00,5.268484793057134574e+00
-1.913273604855499022e+00,4.720343945761517723e+00
-1.900987841885229068e+00,5.041415845761016534e+00
4.453547683890676789e-01,6.356868752281283896e-01
5.625097702112314968e-01,8.818633067287555694e-01
-1.035180654708569015e-01,6.403761484942277482e-01
-2.277224252658228920e+00,5.574034075118328851e-02
-1.614955808789647396e+00,-1.188831723262632423e+00
-2.051231144274647811e+00,-6.912550376614934322e-01
-2.702437727210069696e+00,-4.622873224181758278e-01
-2.541383141936162104e+00,-1.945087729322145798e-01
-2.737472245346079802e+00,-2.500205653283130158e-01
-1.294269375485295859e+00,1.891877330063214568e+00
-1.554591872299612820e+00,2.073466914303222275e+00
-1.345999702952086485e+00,2.164353418153023512e+00
-9.490209825926615439e-01,1.370750186734942089e+00
-1.189133309856115206e+00,1.266980414395892929e+00
-7.290694120723888449e-01,1.259988590276415854e+00
1.359489827592332833e+00,-1.753081290052850294e+00
1.207545167108833750e+00,-1.896333061695555822e+00
1.678050425899281883e+00,-1.203077022190564893e+00
2.763423888719621635e-01,-2.359967874893195816e+00
-2.300913456878988517e-01,-1.656124122612256500e+00
-2.833599315148793707e-02,-2.183957669526562118e+00
-1.638142855017603816e+00,-1.749441391944056345e+00
-1.683364970483899770e+00,-1.462747647232939485e+00
-1.771626661280607307e+00,-1.758211893491608890e+00
-2.444198556480349893e+00,9.398355467573260569e-01
-2.244239885885183750e+00,7.874036208829188199e-01
-2.383549793106325421e+00,7.883719317722640563e-01
-1.470317406767771562e+00,3.129857728939263173e-01
-1.156252562468212730e+00,7.846619483401280348e-01
-1.451047048258357730e+00,5.903213338034895008e-01
-3.946237053863874134e-02,5.346752348795537735e+00
-5.199672761028230061e-01,4.479055755534821159e+00
-2.139864598959041186e-01,5.264468796990160016e+00
-9.565505665144077296e-01,-1.183273005066077355e+00
-7.557940548643719003e-01,-9.646895361332771257e-01
-1.126385206650984294e+00,-1.000426708237041495e+00
-5.797468556609249868e-01,4.290244522332933741e+00
-7.731464787451566290e-01,4.382077035026055611e+00
-7.186890057093291428e-01,4.281365589217113410e+00
2.058933239853170949e-01,-3.059545355719305526e+00
-5.747028294767945189e-01,-2.605112316681772455e+00
-7.625226211373382634e-01,-2.743938618723230416e+00
-9.125688364750682569e-01,8.383412697543798364e-01
-9.906303971483674253e-01,9.413935087988443140e-01
-1.195762912460201166e+00,1.049832912178276789e+00
-2.030096408438691657e+00,7.193798413393386326e-01
-2.210458774373363688e+00,1.040652411731252558e+00
-2.306294762077523597e+00,9.315979606121765899e-01
-1.756278846817816319e+00,6.822656074473403276e-01
-2.181689904918580059e+00,2.398155331383542421e-01
-2.412924463684543941e+00,4.901114316080474875e-01
-1.744636062258489773e+00,-1.620266384426984674e+00
-1.926352769896384709e+00,-1.871174393285596427e+00
-2.247230600416903812e+00,-1.811533859174970340e+00
-4.677324022430202621e-01,-8.405863584508722619e-01
1.208512880889944935e-01,-5.715388257888789347e-01
-6.344970174252237416e-02,-4.286311574751078268e-01
-2.013854255989985464e+00,-4.449587820488172252e-01
-2.043477720875808590e+00,1.109201947549968842e-01
-2.350683623985425630e+00,1.437109376472215372e-01
-5.050986176108275272e-01,1.260063088500683603e-01
-8.647973281949796753e-01,5.009954597476498073e-01
-1.045448208185545402e+00,9.625931741409680109e-01
-2.212103879767909898e-01,-1.101921155529625773e+00
-5.633554433857224097e-01,-1.515043238251573499e+00
-4.832854391774913938e-01,-5.552542375693967358e-01
9.668451659450505442e-01,-1.997006314915605207e+00
7.505030457367249941e-01,-1.826246700375405707e+00
8.419042308275663800e-01,-1.405791583725273686e+00
-1.298166920088685172e+00,-3.356047564624430879e-01
-1.264555897940553564e+00,-7.827108858151405890e-01
-1.685169338044947063e+00,-9.111654410410527927e-01
-3.080965793254072382e-01,-1.968649306983417446e+00
-2.092316613544564219e-01,-1.043503682540723787e+00
-3.149115100475829987e-01,-1.372882873411556570e+00
-2.108352725914583559e+00,-2.806181146380875013e-01
-2.157604253614317180e+00,4.284071390154978731e-01
-2.068398939147965354e+00,1.071672176518126962e-01
-5.420449247726379927e-01,-2.424190638067054149e+00
-7.910219826740521043e-01,-2.025636538247598484e+00
-8.974086461007376725e-01,-2.457301341377493564e+00
-2.098387853044151541e+00,-1.280162637042972840e+00
-2.455912502233859041e+00,-1.324609823690067412e+00
-2.305736727130216490e+00,-1.276423158052293783e+00
-3.982245151238060776e-01,-1.857550967618335935e+00
1.118906913118449670e-01,-1.046391111224640236e+00
-1.524468228248831991e-02,-1.721317603156097720e+00
7.141029084657283255e-01,-2.983777447899690127e+00
3.616173634594009867e-01,-3.362706095935805273e+00
9.223011193154821985e-01,-2.797013061410783763e+00
1.595228277820257834e-01,-1.711048813241567101e+00
1.059894942363817927e-01,-7.364081555898497333e-01
7.019330392155901377e-01,-1.751131994543571713e+00
-2.699490284479408864e+00,-5.832269140118149231e-01
-2.968850556996595280e+00,-9.658878220598907660e-01
-2.776922857336557637e+00,-1.132695522319722814e+00
-9.384691461397329237e-02,-1.868597123067776478e+00
-9.280612462665191464e-02,-2.090396164608326224e+00
1.526108442210769300e-01,-2.119373810713237827e+00
-1.147971677472184426e+00,-1.582065125997692112e+00
-9.185840403908409613e-01,-1.252150980242201728e+00
-9.994814192674623676e-01,-1.296625155122018702e+00
1.183782793456103072e-01,-8.744553294706205460e-01
7.384546938882422529e-01,-9.534898235250284237e-01
1.060820965870594490e+00,-4.980021031123884612e-01
1.918504538204490184e-01,-2.205403058318805787e+00
4.341330911108723378e-02,-2.343508221544682080e+00
-3.294197860760658125e-01,-2.496887858767740553e+00
-2.580302593732520577e+00,-6.095277571679249551e-01
-2.568375213412276370e+00,-5.959413365788356343e-01
-2.202091967591739419e+00,-5.945523735331824655e-01
-1.165638900452389493e+00,-1.507145015063224625e+00
-1.362759183766536708e+00,-1.407129940754599851e+00
-6.215756543576098636e-01,2.341811577720207538e-01
-2.510382680678334921e+00,5.625854615944424486e-01
-2.342500654785483416e+00,8.795342383066497849e-01
-1.864620408966458198e+00,6.611054773172914123e-01
-1.048332447956789482e+00,4.849694938372855368e+00
-9.133782387127803437e-01,5.552993639828336825e+00
-1.655101981569262026e+00,4.792315491842662922e+00
-6.602307633628687888e-01,4.858944934437256613e+00
-5.570286656539960579e-02,4.705110790244688701e+00
3.213920015787691264e-02,4.689134439569225599e+00
-2.374403003252355759e+00,-6.713312589896579530e-01
-2.319094255168161034e+00,-9.137516190738023125e-01
-2.691631434420855840e+00,-3.966727642078768934e-01
-4.368502141483801560e-01,2.648753965978160707e+00
-5.330537594031697912e-01,2.637594438826774024e+00
-2.802200397108076668e-01,2.914725662617294155e+00
4.705826784826661058e-01,-9.451156063315981903e-01
6.947003315084402386e-01,-5.975497013494918130e-01
5.036237761888012754e-01,-1.066443577906163398e+00
-1.688490528244294353e+00,9.234689788537361332e-01
-2.029810602906605421e+00,6.521844427707895742e-01
-1.370774020770612056e+00,9.514603312647043065e-01
4.305978373949109206e-01,-1.326971650204674003e+00
4.488777579606848533e-01,-1.293273634465341937e+00
2.683741460745768803e-01,-1.566611173706678350e+00
-1.882180237452618643e+00,2.551521636282218175e+00
-2.052199126024651932e+00,2.390361520447935817e+00
-1.922088882191357095e+00,2.284125391604412858e+00
-1.625608028039445152e+00,-1.046160875550160796e+00
-1.944927159293689867e+00,-1.099228500833707489e+00
-2.048203469413358846e+00,-7.798632846903250648e-01
-1.334893236609910883e+00,1.195854898793778043e+00
-1.418473333554711724e+00,1.025305601471213413e+00
-1.275314028006640843e+00,1.700152276942329621e+00
-2.633772586356128098e+00,4.532691397187878501e-01
-2.650281860187493344e+00,4.272662953364357308e-01
-2.401216665900622438e+00,7.665069222240434854e-01
-2.186220730813345448e+00,2.661760857243919420e-02
-2.402721150715333653e+00,-1.519987309595259573e-03
-2.183442241620126456e+00,-3.730310043284762456e-01
-1.003916332371863840e+00,-4.770865967024476295e-01
-9.751439578178269230e-01,-5.138216012973501057e-01
-1.400943822360783964e+00,-6.469027320528671909e-01
-3.109056362402081719e-01,2.050789063727244343e+00
-2.146696999863253186e-01,2.324225466825057929e+00
-2.580270464005826603e-01,2.174903478444685234e+00
-2.704594346497180002e-02,-1.233654346392294876e+00
-1.902440389285216527e-01,-7.978507027509195160e-01
-4.282464139998956587e-01,-9.472574558417394819e-01
-3.073434868873487602e+00,-2.217666955169969034e-01
-3.088021813795823967e+00,-8.967296998406226738e-02
-3.388800757593134261e+00,-1.956099238852416766e-01
-2.910565733995421400e+00,1.697550410521192932e+00
-3.556269105605527336e+00,1.729403145628706007e+00
-3.659805112091263801e+00,2.097583436924520761e+00
-1.227696041901900514e+00,-2.278414312764027727e+00
-1.033349698776858450e+00,-2.185673316041453429e+00
-1.005844867094526363e+00,-2.239729288817164932e+00
-1.515757865781539815e+00,-2.363063971566421451e+00
-2.166122266897183568e+00,-2.336619950915961752e+00
-1.647573194129935636e+00,-1.906827360387653103e+00
-2.800527646380755797e+00,3.998871444698171018e-01
-2.575126295908956031e+00,8.434457122988316957e-01
-2.652425484084774077e+00,5.982167868374719255e-01
-2.732123288163651242e+00,-1.057501815101314246e+00
-2.693133605178936740e+00,-7.107627389451338651e-01
-2.938029045691920693e+00,-4.807987029980209659e-01
-2.455914259153467505e+00,3.137404396363441705e+00
-3.745001153315779874e+00,2.718662308198708466e+00
-3.493627459295978621e+00,2.916856413540843462e+00
-9.366042835260124377e-01,2.158784178493588224e-01
-1.053961344398875566e+00,3.182229883589944297e-01
-6.878293470188534542e-01,7.665679429054078620e-01
-8.359398392948739209e-01,1.264424211469852288e+00
-1.331166055709617435e+00,1.068438596039074762e+00
-1.187211955492061932e+00,1.262312913118500246e+00
-1.210489487611950965e+00,-1.067340212402899224e+00
-1.731514565357717306e+00,-7.620264321272430807e-01
-1.968558898648923083e+00,-5.853669853852230265e-01
-3.529734080427976650e+00,7.376124782756656728e-01
-2.787358462157746963e+00,1.046973262602410637e+00
-3.474676967521534543e+00,9.322885942853746943e-01
-1.947717940456167307e+00,-1.954167489722533180e+00
-1.864879675424988559e+00,-1.933955819057919578e+00
-1.380355960298254470e+00,-2.071028310743351586e+00
-1.693301092143467412e-01,5.090263374735162216e+00
-6.563955351644190639e-02,5.147465419671723552e+00
-4.977883520201669132e-01,5.146044207731637066e+00
-1.520142572730305508e+00,2.711302435188601478e+00
-1.929046807440100153e+00,2.907020832212126926e+00
-1.742104305096716432e+00,3.151677074863025396e+00
2.176644362444681291e-01,5.008452421571879754e+00
6.258437984799047893e-01,4.795802856818659698e+00
2.385768657992677899e-01,4.894438915958522429e+00
-3.583003941880538168e-01,6.619653973846003403e+00
2.495565139942920035e-02,6.613619697823800436e+00
1.475520974202310098e-02,6.402711325232069761e+00
-1.764692744079429554e+00,-7.613274392781437250e-01
-2.235159385531408027e+00,-1.974544324428281761e-02
-1.634851487962942329e+00,5.277509599514018657e-02
-2.226686204900625299e+00,-3.149178992300077917e-01
-1.770919955877535923e+00,1.381683569472141604e-01
-1.943664093410806482e+00,-4.708416255843199671e-01
-1.972930143107898271e+00,-1.334156133629185836e+00
-2.274396429883779103e+00,-1.598944214871209413e+00
-1.855064823691820353e+00,-1.256897468529535544e+00
-4.692940726991712275e-01,7.548592723802036719e-01
-1.106249351183448137e+00,1.003589865158488248e+00
-3.232922679001770661e-01,8.405955133670371948e-01
-1.079382335241075186e+00,-2.269471701707899691e-01
-1.053573332519193828e+00,3.125330848285654550e-01
-1.369093825343685511e+00,-7.890618628961820757e-02
-2.033543384778619956e+00,1.204340739487060441e+00
-1.680875439859652376e+00,9.533658422204556171e-01
-2.106458957844836721e+00,1.015721821752332055e+00
-2.969952132914272180e+00,-2.024327893517681443e-01
-3.525895115254498169e+00,4.852950931530836121e-02
-3.351206413510803284e+00,3.180883222814044897e-01
-4.005237337391326369e-01,4.538210729608749272e-02
-6.352008123066200662e-01,1.949222819418668373e-01
-8.162651696230248666e-01,-2.904092630963750477e-01
1.324121271311786141e-01,2.062586673282072736e-01
5.052626598328608942e-01,5.223662842316729726e-01
2.096585526385090215e-01,2.080203466248313204e-01
-2.411858530083307084e+00,-8.304504341618997865e-01
-2.294650061420534293e+00,-7.351651232943164915e-01
-2.348925522823436030e+00,3.107112183896689195e-01
-2.586954480071146811e+00,-8.069220992685426364e-01
-2.855051572020074868e+00,-4.641486028685808396e-01
-3.095288681340695458e+00,-4.855905628293898380e-01
-2.675765911197328428e+00,5.855258011803305962e-01
-2.434544207758244205e+00,5.142818555896668808e-01
-2.754830639178899698e+00,-4.261139848804115782e-02
-1.336481793229469250e+00,5.175318418514294194e-01
-1.284212162373401300e+00,7.169672930249770815e-01
-1.569980963574488131e+00,6.834451316782691466e-02
-1.021795451564121882e+00,1.615092223661436455e+00
-2.340656106968700634e+00,1.037548804609354169e+00
-2.248785198075735625e+00,1.205707660810693804e+00
-2.260589135229209568e+00,-1.589008768065858002e+00
-2.489259928722139303e+00,-8.549274472195702579e-01
-2.658174980689671951e+00,-7.947274523288151427e-01
-2.357360347728387318e+00,-4.470433554284545391e-02
-1.693224124059296232e+00,4.673747430408231596e-01
-1.383737284843378657e+00,4.133669935551071983e-01
-2.235234144317389315e+00,-1.788477091080219461e+00
-2.063864173040009131e+00,-1.724375198297605438e+00
-2.055976152569594539e+00,-1.647383829684335499e+00
-9.362641768190337332e-01,-2.041522476983843148e+00
-1.852012528986210382e+00,-1.907464558068992844e+00
-2.029545307025131251e+00,-1.888265209648571252e+00
-9.333388186264772735e-01,-1.615823533695512904e+00
-1.861829034781076753e-01,-1.917755135639484187e+00
-7.936109678928305877e-01,-1.572322143382778092e+00
-2.292030061108640382e+00,-7.820965902149557003e-02
-1.535816218988244497e+00,-2.152206711980381160e-01
-2.358248781532905181e+00,-1.754850281857381900e-01
-2.884251843036558238e+00,4.610414957757186794e-01
-2.731583084472014367e+00,5.578127225571239967e-01
-2.760941710277518446e+00,2.170464389956937024e-01
-1.394998935985058974e+00,3.530850456057711417e-01
-1.391593831131683778e+00,9.082461658454723530e-01
-1.407986970032470309e+00,8.349437185297320374e-01
-2.797554944481912997e+00,4.079680187286028881e-01
-2.750658754608824808e+00,5.288222346095819981e-01
-2.923503153838752588e+00,5.976363711936133472e-01
-2.267105822248907998e+00,-1.928487242188303030e+00
-3.201512870975504299e+00,-1.798446881727612245e+00
-3.128638152433970809e+00,-1.481229249091319256e+00
